episode,reward,coverage_pct,epsilon,q_states
1,393.200,100.00,0.99900,5
2,420.950,100.00,0.99800,10
3,407.000,100.00,0.99700,14
4,392.150,100.00,0.99600,19
5,397.350,100.00,0.99500,23
6,402.750,100.00,0.99400,28
7,409.900,100.00,0.99300,32
8,405.700,100.00,0.99200,36
9,408.750,100.00,0.99100,39
10,398.150,100.00,0.99000,41
11,409.000,100.00,0.98900,45
12,411.550,100.00,0.98800,49
13,398.950,100.00,0.98700,54
14,407.100,100.00,0.98600,59
15,415.000,100.00,0.98500,62
16,411.200,100.00,0.98400,65
17,387.550,100.00,0.98300,67
18,402.500,100.00,0.98200,69
19,418.250,100.00,0.98100,74
20,403.800,100.00,0.98000,77
21,416.000,100.00,0.97900,79
22,404.450,100.00,0.97800,82
23,402.000,100.00,0.97700,85
24,411.400,100.00,0.97600,88
25,423.750,100.00,0.97500,88
26,410.050,100.00,0.97400,91
27,411.250,100.00,0.97300,94
28,417.200,100.00,0.97200,95
29,409.250,100.00,0.97100,99
30,401.100,100.00,0.97000,102
31,394.650,100.00,0.96900,104
32,417.700,100.00,0.96800,105
33,389.050,100.00,0.96700,108
34,398.050,100.00,0.96600,111
35,401.850,100.00,0.96500,111
36,408.200,100.00,0.96400,113
37,406.200,100.00,0.96300,113
38,392.450,100.00,0.96200,116
39,399.650,100.00,0.96100,117
40,414.450,100.00,0.96000,119
41,415.800,100.00,0.95900,119
42,412.350,100.00,0.95800,121
43,422.550,100.00,0.95700,122
44,420.400,100.00,0.95600,122
45,402.800,100.00,0.95500,122
46,397.500,100.00,0.95400,126
47,427.500,100.00,0.95300,128
48,416.450,100.00,0.95200,130
49,411.650,100.00,0.95100,133
50,390.950,100.00,0.95000,134
51,408.800,100.00,0.94900,137
52,420.950,100.00,0.94800,137
53,404.350,100.00,0.94700,137
54,409.000,100.00,0.94600,138
55,394.650,100.00,0.94500,140
56,419.950,100.00,0.94400,140
57,394.900,100.00,0.94300,140
58,430.000,100.00,0.94200,140
59,413.900,100.00,0.94100,141
60,414.150,100.00,0.94000,142
61,413.750,100.00,0.93900,143
62,401.500,100.00,0.93800,144
63,420.800,100.00,0.93700,144
64,419.700,100.00,0.93600,146
65,397.350,100.00,0.93500,146
66,398.950,100.00,0.93400,146
67,387.600,100.00,0.93300,146
68,423.500,100.00,0.93200,149
69,415.900,100.00,0.93100,152
70,410.800,100.00,0.93000,154
71,397.350,100.00,0.92900,155
72,414.250,100.00,0.92800,158
73,398.250,100.00,0.92700,158
74,403.100,100.00,0.92600,158
75,406.350,100.00,0.92500,159
76,409.700,100.00,0.92400,159
77,407.800,100.00,0.92300,161
78,415.850,100.00,0.92200,162
79,414.300,100.00,0.92100,164
80,394.550,100.00,0.92000,165
81,411.850,100.00,0.91900,165
82,398.500,100.00,0.91800,168
83,417.100,100.00,0.91700,169
84,403.500,100.00,0.91600,169
85,393.700,100.00,0.91500,170
86,416.300,100.00,0.91400,173
87,400.200,100.00,0.91300,173
88,416.600,100.00,0.91200,174
89,405.350,100.00,0.91100,175
90,378.400,100.00,0.91000,177
91,397.350,100.00,0.90900,178
92,403.300,100.00,0.90800,178
93,402.450,100.00,0.90700,179
94,413.550,100.00,0.90600,179
95,412.150,100.00,0.90500,179
96,407.750,100.00,0.90400,180
97,421.300,100.00,0.90300,181
98,417.150,100.00,0.90200,182
99,400.750,100.00,0.90100,182
100,425.850,100.00,0.90000,183
101,405.750,100.00,0.89900,183
102,410.450,100.00,0.89800,183
103,392.550,100.00,0.89700,184
104,407.700,100.00,0.89600,184
105,410.050,100.00,0.89500,184
106,419.750,100.00,0.89400,185
107,410.600,100.00,0.89300,186
108,408.850,100.00,0.89200,187
109,392.750,100.00,0.89100,187
110,409.350,100.00,0.89000,188
111,408.550,100.00,0.88900,189
112,408.800,100.00,0.88800,190
113,407.050,100.00,0.88700,190
114,408.500,100.00,0.88600,190
115,414.100,100.00,0.88500,190
116,404.550,100.00,0.88400,190
117,419.800,100.00,0.88300,191
118,411.600,100.00,0.88200,191
119,413.350,100.00,0.88100,191
120,421.350,100.00,0.88000,193
121,413.650,100.00,0.87900,194
122,405.600,100.00,0.87800,195
123,411.250,100.00,0.87700,195
124,411.850,100.00,0.87600,195
125,401.950,100.00,0.87500,195
126,392.000,100.00,0.87400,198
127,409.900,100.00,0.87300,198
128,418.200,100.00,0.87200,198
129,405.950,100.00,0.87100,198
130,399.300,100.00,0.87000,198
131,408.900,100.00,0.86900,200
132,414.450,100.00,0.86800,200
133,417.200,100.00,0.86700,201
134,400.150,100.00,0.86600,202
135,423.500,100.00,0.86500,202
136,408.250,100.00,0.86400,202
137,415.400,100.00,0.86300,202
138,410.700,100.00,0.86200,202
139,420.050,100.00,0.86100,202
140,407.400,100.00,0.86000,203
141,397.450,100.00,0.85900,203
142,410.400,100.00,0.85800,203
143,406.100,100.00,0.85700,203
144,407.550,100.00,0.85600,203
145,417.300,100.00,0.85500,204
146,408.500,100.00,0.85400,204
147,403.900,100.00,0.85300,204
148,405.250,100.00,0.85200,204
149,411.500,100.00,0.85100,206
150,401.650,100.00,0.85000,206
151,397.250,100.00,0.84900,206
152,420.950,100.00,0.84800,207
153,415.150,100.00,0.84700,207
154,424.450,100.00,0.84600,207
155,407.850,100.00,0.84500,207
156,398.050,100.00,0.84400,207
157,415.700,100.00,0.84300,207
158,399.850,100.00,0.84200,208
159,414.050,100.00,0.84100,208
160,403.650,100.00,0.84000,208
161,401.400,100.00,0.83900,209
162,388.900,100.00,0.83800,210
163,408.750,100.00,0.83700,211
164,406.750,100.00,0.83600,213
165,415.200,100.00,0.83500,213
166,406.500,100.00,0.83400,213
167,420.300,100.00,0.83300,213
168,396.450,100.00,0.83200,215
169,405.350,100.00,0.83100,215
170,383.550,100.00,0.83000,216
171,415.250,100.00,0.82900,216
172,417.650,100.00,0.82800,216
173,390.950,100.00,0.82700,216
174,410.200,100.00,0.82600,216
175,406.550,100.00,0.82500,216
176,408.750,100.00,0.82400,216
177,399.550,100.00,0.82300,216
178,417.000,100.00,0.82200,216
179,407.250,100.00,0.82100,218
180,414.850,100.00,0.82000,218
181,401.650,100.00,0.81900,218
182,405.200,100.00,0.81800,218
183,393.350,100.00,0.81700,218
184,403.900,100.00,0.81600,218
185,414.350,100.00,0.81500,218
186,412.650,100.00,0.81400,218
187,387.400,100.00,0.81300,218
188,404.050,100.00,0.81200,218
189,410.950,100.00,0.81100,218
190,428.950,100.00,0.81000,218
191,419.500,100.00,0.80900,218
192,414.150,100.00,0.80800,218
193,416.400,100.00,0.80700,219
194,424.100,100.00,0.80600,220
195,416.200,100.00,0.80500,221
196,402.600,100.00,0.80400,221
197,406.800,100.00,0.80300,221
198,412.150,100.00,0.80200,221
199,412.200,100.00,0.80100,222
200,389.700,100.00,0.80000,223
201,405.800,100.00,0.79900,223
202,409.250,100.00,0.79800,223
203,400.150,100.00,0.79700,223
204,398.950,100.00,0.79600,223
205,402.550,100.00,0.79500,223
206,396.500,100.00,0.79400,223
207,413.950,100.00,0.79300,223
208,424.100,100.00,0.79200,223
209,410.350,100.00,0.79100,223
210,413.800,100.00,0.79000,223
211,420.750,100.00,0.78900,223
212,412.050,100.00,0.78800,223
213,421.700,100.00,0.78700,223
214,416.550,100.00,0.78600,224
215,404.050,100.00,0.78500,224
216,401.750,100.00,0.78400,224
217,417.000,100.00,0.78300,225
218,409.200,100.00,0.78200,225
219,415.850,100.00,0.78100,225
220,415.600,100.00,0.78000,225
221,408.950,100.00,0.77900,226
222,415.250,100.00,0.77800,226
223,404.750,100.00,0.77700,226
224,409.700,100.00,0.77600,226
225,408.400,100.00,0.77500,227
226,407.550,100.00,0.77400,228
227,420.500,100.00,0.77300,228
228,419.800,100.00,0.77200,229
229,398.100,100.00,0.77100,229
230,406.450,100.00,0.77000,229
231,406.900,100.00,0.76900,229
232,410.350,100.00,0.76800,230
233,409.750,100.00,0.76700,231
234,424.900,100.00,0.76600,231
235,399.350,100.00,0.76500,231
236,405.900,100.00,0.76400,231
237,409.100,100.00,0.76300,231
238,397.450,100.00,0.76200,231
239,393.200,100.00,0.76100,231
240,399.050,100.00,0.76000,231
241,411.450,100.00,0.75900,231
242,394.050,100.00,0.75800,231
243,423.400,100.00,0.75700,231
244,402.750,100.00,0.75600,231
245,417.650,100.00,0.75500,232
246,398.600,100.00,0.75400,232
247,402.350,100.00,0.75300,233
248,418.950,100.00,0.75200,233
249,404.500,100.00,0.75100,233
250,401.050,100.00,0.75000,233
251,406.800,100.00,0.74900,233
252,403.400,100.00,0.74800,233
253,414.600,100.00,0.74700,233
254,402.950,100.00,0.74600,233
255,416.450,100.00,0.74500,233
256,416.250,100.00,0.74400,233
257,379.200,100.00,0.74300,233
258,399.200,100.00,0.74200,233
259,424.400,100.00,0.74100,233
260,417.050,100.00,0.74000,233
261,410.350,100.00,0.73900,233
262,418.950,100.00,0.73800,233
263,421.400,100.00,0.73700,233
264,414.950,100.00,0.73600,234
265,395.950,100.00,0.73500,234
266,411.400,100.00,0.73400,234
267,406.850,100.00,0.73300,235
268,407.800,100.00,0.73200,235
269,411.750,100.00,0.73100,236
270,398.550,100.00,0.73000,236
271,417.550,100.00,0.72900,236
272,409.750,100.00,0.72800,236
273,396.150,100.00,0.72700,236
274,429.500,100.00,0.72600,236
275,400.600,100.00,0.72500,236
276,402.100,100.00,0.72400,237
277,412.300,100.00,0.72300,237
278,417.050,100.00,0.72200,237
279,410.500,100.00,0.72100,237
280,401.700,100.00,0.72000,237
281,417.000,100.00,0.71900,237
282,406.250,100.00,0.71800,237
283,408.450,100.00,0.71700,237
284,401.600,100.00,0.71600,237
285,402.500,100.00,0.71500,237
286,384.600,100.00,0.71400,238
287,425.050,100.00,0.71300,238
288,404.900,100.00,0.71200,238
289,422.300,100.00,0.71100,238
290,404.650,100.00,0.71000,238
291,403.400,100.00,0.70900,238
292,413.800,100.00,0.70800,238
293,393.600,100.00,0.70700,238
294,398.600,100.00,0.70600,238
295,399.400,100.00,0.70500,238
296,415.700,100.00,0.70400,238
297,414.450,100.00,0.70300,238
298,411.050,100.00,0.70200,238
299,405.700,100.00,0.70100,238
300,409.800,100.00,0.70000,238
301,417.550,100.00,0.69900,238
302,402.350,100.00,0.69800,238
303,407.150,100.00,0.69700,238
304,421.300,100.00,0.69600,238
305,414.100,100.00,0.69500,238
306,415.350,100.00,0.69400,239
307,414.850,100.00,0.69300,239
308,406.850,100.00,0.69200,239
309,413.750,100.00,0.69100,239
310,405.550,100.00,0.69000,240
311,406.950,100.00,0.68900,240
312,418.500,100.00,0.68800,240
313,393.550,100.00,0.68700,241
314,403.600,100.00,0.68600,241
315,400.800,100.00,0.68500,241
316,409.150,100.00,0.68400,241
317,412.700,100.00,0.68300,241
318,402.050,100.00,0.68200,242
319,408.200,100.00,0.68100,242
320,410.350,100.00,0.68000,242
321,410.900,100.00,0.67900,242
322,405.050,100.00,0.67800,242
323,401.000,100.00,0.67700,242
324,417.850,100.00,0.67600,242
325,413.350,100.00,0.67500,242
326,405.350,100.00,0.67400,242
327,419.450,100.00,0.67300,242
328,414.500,100.00,0.67200,242
329,407.350,100.00,0.67100,242
330,415.400,100.00,0.67000,242
331,408.500,100.00,0.66900,242
332,413.450,100.00,0.66800,242
333,415.350,100.00,0.66700,242
334,409.100,100.00,0.66600,242
335,417.600,100.00,0.66500,242
336,407.500,100.00,0.66400,242
337,414.750,100.00,0.66300,242
338,415.900,100.00,0.66200,242
339,408.400,100.00,0.66100,242
340,399.700,100.00,0.66000,242
341,412.350,100.00,0.65900,244
342,415.450,100.00,0.65800,244
343,396.700,100.00,0.65700,244
344,397.650,100.00,0.65600,244
345,401.850,100.00,0.65500,244
346,408.000,100.00,0.65400,244
347,410.600,100.00,0.65300,244
348,408.850,100.00,0.65200,245
349,395.750,100.00,0.65100,245
350,424.600,100.00,0.65000,245
351,415.300,100.00,0.64900,245
352,406.600,100.00,0.64800,245
353,403.200,100.00,0.64700,247
354,417.800,100.00,0.64600,247
355,407.150,100.00,0.64500,247
356,420.600,100.00,0.64400,247
357,401.550,100.00,0.64300,247
358,394.300,100.00,0.64200,247
359,415.150,100.00,0.64100,247
360,383.350,100.00,0.64000,247
361,416.750,100.00,0.63900,247
362,403.550,100.00,0.63800,247
363,394.200,100.00,0.63700,248
364,400.050,100.00,0.63600,248
365,409.600,100.00,0.63500,248
366,405.600,100.00,0.63400,248
367,427.100,100.00,0.63300,248
368,402.600,100.00,0.63200,248
369,421.550,100.00,0.63100,249
370,415.550,100.00,0.63000,249
371,409.100,100.00,0.62900,249
372,417.650,100.00,0.62800,250
373,409.850,100.00,0.62700,250
374,422.650,100.00,0.62600,250
375,412.550,100.00,0.62500,250
376,416.000,100.00,0.62400,250
377,392.700,100.00,0.62300,250
378,410.400,100.00,0.62200,250
379,407.850,100.00,0.62100,250
380,407.600,100.00,0.62000,250
381,408.050,100.00,0.61900,250
382,416.300,100.00,0.61800,250
383,402.200,100.00,0.61700,250
384,414.750,100.00,0.61600,250
385,417.500,100.00,0.61500,250
386,408.300,100.00,0.61400,250
387,395.400,100.00,0.61300,250
388,400.700,100.00,0.61200,250
389,398.250,100.00,0.61100,250
390,397.150,100.00,0.61000,250
391,406.050,100.00,0.60900,250
392,413.800,100.00,0.60800,250
393,409.700,100.00,0.60700,250
394,402.800,100.00,0.60600,250
395,392.950,100.00,0.60500,250
396,413.100,100.00,0.60400,250
397,399.000,100.00,0.60300,250
398,395.650,100.00,0.60200,250
399,403.450,100.00,0.60100,250
400,404.400,100.00,0.60000,250
401,417.250,100.00,0.59900,250
402,412.450,100.00,0.59800,250
403,412.500,100.00,0.59700,250
404,419.350,100.00,0.59600,250
405,414.250,100.00,0.59500,250
406,414.400,100.00,0.59400,250
407,399.450,100.00,0.59300,250
408,411.700,100.00,0.59200,250
409,376.700,100.00,0.59100,250
410,407.200,100.00,0.59000,250
411,401.550,100.00,0.58900,250
412,395.850,100.00,0.58800,250
413,414.500,100.00,0.58700,250
414,411.100,100.00,0.58600,250
415,404.200,100.00,0.58500,250
416,409.400,100.00,0.58400,250
417,414.050,100.00,0.58300,250
418,400.850,100.00,0.58200,250
419,400.550,100.00,0.58100,250
420,411.050,100.00,0.58000,250
421,423.600,100.00,0.57900,250
422,404.900,100.00,0.57800,250
423,404.150,100.00,0.57700,250
424,412.450,100.00,0.57600,250
425,419.150,100.00,0.57500,250
426,422.900,100.00,0.57400,250
427,412.500,100.00,0.57300,250
428,421.250,100.00,0.57200,250
429,413.300,100.00,0.57100,250
430,426.350,100.00,0.57000,250
431,420.850,100.00,0.56900,250
432,399.500,100.00,0.56800,250
433,404.150,100.00,0.56700,251
434,406.150,100.00,0.56600,251
435,409.200,100.00,0.56500,251
436,405.950,100.00,0.56400,253
437,411.450,100.00,0.56300,253
438,412.300,100.00,0.56200,253
439,406.650,100.00,0.56100,253
440,404.700,100.00,0.56000,253
441,422.250,100.00,0.55900,253
442,392.650,100.00,0.55800,253
443,408.250,100.00,0.55700,253
444,392.350,100.00,0.55600,253
445,407.500,100.00,0.55500,253
446,396.400,100.00,0.55400,253
447,407.250,100.00,0.55300,253
448,406.150,100.00,0.55200,253
449,423.050,100.00,0.55100,254
450,420.950,100.00,0.55000,254
451,406.450,100.00,0.54900,254
452,403.500,100.00,0.54800,254
453,390.800,100.00,0.54700,254
454,405.000,100.00,0.54600,254
455,415.150,100.00,0.54500,254
456,412.600,100.00,0.54400,254
457,405.950,100.00,0.54300,254
458,406.750,100.00,0.54200,254
459,407.850,100.00,0.54100,254
460,416.850,100.00,0.54000,255
461,402.550,100.00,0.53900,255
462,403.400,100.00,0.53800,255
463,417.400,100.00,0.53700,255
464,418.300,100.00,0.53600,255
465,412.450,100.00,0.53500,255
466,408.500,100.00,0.53400,255
467,412.400,100.00,0.53300,255
468,422.500,100.00,0.53200,255
469,416.950,100.00,0.53100,255
470,403.300,100.00,0.53000,255
471,422.250,100.00,0.52900,255
472,406.500,100.00,0.52800,255
473,401.450,100.00,0.52700,255
474,398.000,100.00,0.52600,255
475,395.300,100.00,0.52500,255
476,411.850,100.00,0.52400,255
477,407.100,100.00,0.52300,255
478,419.850,100.00,0.52200,255
479,408.850,100.00,0.52100,255
480,405.600,100.00,0.52000,255
481,410.200,100.00,0.51900,255
482,395.750,100.00,0.51800,255
483,419.850,100.00,0.51700,255
484,421.300,100.00,0.51600,255
485,399.350,100.00,0.51500,255
486,430.400,100.00,0.51400,255
487,409.200,100.00,0.51300,255
488,415.650,100.00,0.51200,255
489,418.600,100.00,0.51100,255
490,399.000,100.00,0.51000,255
491,414.050,100.00,0.50900,255
492,400.700,100.00,0.50800,255
493,410.150,100.00,0.50700,255
494,411.600,100.00,0.50600,255
495,414.000,100.00,0.50500,255
496,397.750,100.00,0.50400,255
497,408.050,100.00,0.50300,255
498,423.050,100.00,0.50200,256
499,417.500,100.00,0.50100,256
500,403.900,100.00,0.50000,256
501,411.350,100.00,0.49900,256
502,414.750,100.00,0.49800,256
503,392.100,100.00,0.49700,256
504,417.100,100.00,0.49600,256
505,404.600,100.00,0.49500,256
506,410.000,100.00,0.49400,256
507,399.500,100.00,0.49300,256
508,417.950,100.00,0.49200,256
509,412.600,100.00,0.49100,256
510,395.850,100.00,0.49000,256
511,410.500,100.00,0.48900,256
512,420.200,100.00,0.48800,256
513,419.150,100.00,0.48700,256
514,412.050,100.00,0.48600,256
515,405.450,100.00,0.48500,256
516,405.100,100.00,0.48400,256
517,401.300,100.00,0.48300,256
518,415.500,100.00,0.48200,256
519,401.400,100.00,0.48100,256
520,427.400,100.00,0.48000,256
521,415.800,100.00,0.47900,256
522,400.550,100.00,0.47800,256
523,422.600,100.00,0.47700,256
524,399.350,100.00,0.47600,256
525,407.300,100.00,0.47500,256
526,414.850,100.00,0.47400,256
527,415.750,100.00,0.47300,256
528,407.950,100.00,0.47200,256
529,412.100,100.00,0.47100,256
530,411.350,100.00,0.47000,256
531,421.600,100.00,0.46900,256
532,417.850,100.00,0.46800,256
533,406.100,100.00,0.46700,256
534,406.750,100.00,0.46600,256
535,415.850,100.00,0.46500,256
536,407.400,100.00,0.46400,256
537,409.900,100.00,0.46300,256
538,405.450,100.00,0.46200,256
539,408.750,100.00,0.46100,257
540,384.900,100.00,0.46000,257
541,412.050,100.00,0.45900,258
542,400.200,100.00,0.45800,258
543,416.000,100.00,0.45700,258
544,400.550,100.00,0.45600,258
545,410.000,100.00,0.45500,258
546,388.850,100.00,0.45400,258
547,421.250,100.00,0.45300,258
548,393.700,100.00,0.45200,258
549,409.050,100.00,0.45100,258
550,410.000,100.00,0.45000,258
551,405.900,100.00,0.44900,258
552,411.950,100.00,0.44800,258
553,401.350,100.00,0.44700,258
554,419.450,100.00,0.44600,258
555,413.100,100.00,0.44500,258
556,405.450,100.00,0.44400,258
557,392.600,100.00,0.44300,258
558,411.650,100.00,0.44200,258
559,422.000,100.00,0.44100,258
560,409.550,100.00,0.44000,258
561,408.850,100.00,0.43900,258
562,396.750,100.00,0.43800,258
563,393.750,100.00,0.43700,258
564,419.800,100.00,0.43600,258
565,413.900,100.00,0.43500,258
566,416.150,100.00,0.43400,258
567,415.150,100.00,0.43300,258
568,397.850,100.00,0.43200,258
569,416.250,100.00,0.43100,258
570,402.200,100.00,0.43000,258
571,391.800,100.00,0.42900,258
572,406.000,100.00,0.42800,258
573,414.850,100.00,0.42700,258
574,414.150,100.00,0.42600,258
575,415.050,100.00,0.42500,258
576,406.450,100.00,0.42400,258
577,403.850,100.00,0.42300,259
578,393.650,100.00,0.42200,259
579,416.600,100.00,0.42100,259
580,398.300,100.00,0.42000,259
581,391.950,100.00,0.41900,259
582,427.000,100.00,0.41800,259
583,417.650,100.00,0.41700,259
584,409.000,100.00,0.41600,259
585,409.100,100.00,0.41500,259
586,397.250,100.00,0.41400,259
587,402.100,100.00,0.41300,259
588,398.350,100.00,0.41200,259
589,409.450,100.00,0.41100,259
590,405.300,100.00,0.41000,259
591,375.700,100.00,0.40900,259
592,400.100,100.00,0.40800,259
593,411.750,100.00,0.40700,259
594,408.650,100.00,0.40600,259
595,427.700,100.00,0.40500,259
596,399.950,100.00,0.40400,259
597,420.600,100.00,0.40300,259
598,417.800,100.00,0.40200,259
599,416.100,100.00,0.40100,259
600,412.200,100.00,0.40000,259
601,416.900,100.00,0.39900,259
602,423.950,100.00,0.39800,259
603,419.450,100.00,0.39700,259
604,420.950,100.00,0.39600,259
605,415.750,100.00,0.39500,259
606,420.850,100.00,0.39400,259
607,414.900,100.00,0.39300,259
608,399.550,100.00,0.39200,259
609,398.800,100.00,0.39100,259
610,408.550,100.00,0.39000,259
611,408.000,100.00,0.38900,259
612,426.100,100.00,0.38800,259
613,407.300,100.00,0.38700,259
614,385.600,100.00,0.38600,259
615,403.300,100.00,0.38500,259
616,412.250,100.00,0.38400,259
617,408.500,100.00,0.38300,259
618,403.000,100.00,0.38200,259
619,421.100,100.00,0.38100,259
620,426.050,100.00,0.38000,259
621,408.550,100.00,0.37900,259
622,430.100,100.00,0.37800,259
623,408.950,100.00,0.37700,259
624,413.100,100.00,0.37600,259
625,411.200,100.00,0.37500,259
626,398.500,100.00,0.37400,259
627,404.550,100.00,0.37300,259
628,398.850,100.00,0.37200,259
629,394.600,100.00,0.37100,259
630,405.250,100.00,0.37000,259
631,401.400,100.00,0.36900,259
632,417.350,100.00,0.36800,259
633,405.000,100.00,0.36700,259
634,400.000,100.00,0.36600,259
635,417.200,100.00,0.36500,259
636,388.100,100.00,0.36400,259
637,389.900,100.00,0.36300,259
638,417.950,100.00,0.36200,259
639,391.250,100.00,0.36100,259
640,418.050,100.00,0.36000,259
641,397.650,100.00,0.35900,259
642,391.750,100.00,0.35800,259
643,416.650,100.00,0.35700,259
644,405.600,100.00,0.35600,259
645,413.000,100.00,0.35500,259
646,405.150,100.00,0.35400,259
647,397.550,100.00,0.35300,259
648,416.900,100.00,0.35200,259
649,412.100,100.00,0.35100,259
650,390.350,100.00,0.35000,259
651,425.250,100.00,0.34900,259
652,405.400,100.00,0.34800,259
653,406.400,100.00,0.34700,259
654,419.550,100.00,0.34600,259
655,425.750,100.00,0.34500,259
656,401.300,100.00,0.34400,259
657,413.750,100.00,0.34300,259
658,415.400,100.00,0.34200,259
659,408.050,100.00,0.34100,259
660,396.300,100.00,0.34000,259
661,404.450,100.00,0.33900,259
662,424.450,100.00,0.33800,259
663,412.500,100.00,0.33700,259
664,429.700,100.00,0.33600,259
665,405.700,100.00,0.33500,259
666,418.650,100.00,0.33400,259
667,401.200,100.00,0.33300,259
668,406.450,100.00,0.33200,259
669,403.000,100.00,0.33100,259
670,409.900,100.00,0.33000,259
671,391.600,100.00,0.32900,259
672,416.450,100.00,0.32800,259
673,394.550,100.00,0.32700,259
674,396.800,100.00,0.32600,259
675,420.800,100.00,0.32500,259
676,422.550,100.00,0.32400,259
677,405.900,100.00,0.32300,259
678,405.950,100.00,0.32200,259
679,395.150,100.00,0.32100,259
680,412.750,100.00,0.32000,259
681,398.550,100.00,0.31900,259
682,398.100,100.00,0.31800,259
683,401.000,100.00,0.31700,259
684,407.700,100.00,0.31600,259
685,395.600,100.00,0.31500,259
686,404.250,100.00,0.31400,259
687,412.100,100.00,0.31300,259
688,403.750,100.00,0.31200,259
689,410.000,100.00,0.31100,259
690,404.950,100.00,0.31000,259
691,406.400,100.00,0.30900,259
692,404.500,100.00,0.30800,259
693,386.550,100.00,0.30700,259
694,417.750,100.00,0.30600,259
695,417.200,100.00,0.30500,259
696,424.250,100.00,0.30400,259
697,406.150,100.00,0.30300,259
698,404.000,100.00,0.30200,259
699,424.500,100.00,0.30100,259
700,405.150,100.00,0.30000,259
701,406.850,100.00,0.29900,259
702,408.000,100.00,0.29800,259
703,394.550,100.00,0.29700,259
704,405.250,100.00,0.29600,259
705,408.100,100.00,0.29500,259
706,417.600,100.00,0.29400,259
707,409.800,100.00,0.29300,259
708,406.400,100.00,0.29200,259
709,393.900,100.00,0.29100,259
710,405.250,100.00,0.29000,259
711,408.400,100.00,0.28900,259
712,417.650,100.00,0.28800,259
713,413.300,100.00,0.28700,259
714,403.750,100.00,0.28600,259
715,413.400,100.00,0.28500,259
716,423.800,100.00,0.28400,259
717,417.900,100.00,0.28300,259
718,408.150,100.00,0.28200,259
719,415.100,100.00,0.28100,259
720,402.350,100.00,0.28000,259
721,413.700,100.00,0.27900,259
722,411.750,100.00,0.27800,259
723,398.800,100.00,0.27700,259
724,413.650,100.00,0.27600,259
725,411.600,100.00,0.27500,259
726,415.350,100.00,0.27400,259
727,389.850,100.00,0.27300,259
728,389.700,100.00,0.27200,259
729,410.500,100.00,0.27100,259
730,406.650,100.00,0.27000,259
731,405.100,100.00,0.26900,259
732,407.250,100.00,0.26800,259
733,421.950,100.00,0.26700,259
734,413.650,100.00,0.26600,259
735,414.100,100.00,0.26500,259
736,406.700,100.00,0.26400,259
737,418.750,100.00,0.26300,259
738,417.350,100.00,0.26200,259
739,411.350,100.00,0.26100,259
740,417.250,100.00,0.26000,259
741,400.800,100.00,0.25900,259
742,396.050,100.00,0.25800,260
743,404.100,100.00,0.25700,260
744,412.450,100.00,0.25600,260
745,408.500,100.00,0.25500,260
746,403.150,100.00,0.25400,260
747,424.850,100.00,0.25300,260
748,410.950,100.00,0.25200,260
749,399.700,100.00,0.25100,260
750,418.850,100.00,0.25000,260
751,402.250,100.00,0.24900,260
752,412.050,100.00,0.24800,260
753,409.950,100.00,0.24700,260
754,415.100,100.00,0.24600,260
755,414.800,100.00,0.24500,260
756,419.900,100.00,0.24400,260
757,403.750,100.00,0.24300,260
758,418.200,100.00,0.24200,260
759,408.050,100.00,0.24100,260
760,419.400,100.00,0.24000,260
761,410.650,100.00,0.23900,260
762,416.750,100.00,0.23800,260
763,408.350,100.00,0.23700,260
764,415.650,100.00,0.23600,260
765,417.350,100.00,0.23500,260
766,406.200,100.00,0.23400,260
767,396.450,100.00,0.23300,260
768,424.100,100.00,0.23200,260
769,416.200,100.00,0.23100,260
770,412.300,100.00,0.23000,260
771,409.200,100.00,0.22900,260
772,410.650,100.00,0.22800,260
773,395.650,100.00,0.22700,260
774,416.950,100.00,0.22600,260
775,396.200,100.00,0.22500,260
776,404.900,100.00,0.22400,260
777,411.900,100.00,0.22300,260
778,404.100,100.00,0.22200,260
779,426.900,100.00,0.22100,260
780,411.650,100.00,0.22000,260
781,414.450,100.00,0.21900,260
782,404.750,100.00,0.21800,260
783,391.500,100.00,0.21700,260
784,401.600,100.00,0.21600,260
785,406.500,100.00,0.21500,260
786,406.900,100.00,0.21400,260
787,411.300,100.00,0.21300,260
788,425.500,100.00,0.21200,260
789,409.550,100.00,0.21100,260
790,422.250,100.00,0.21000,260
791,404.000,100.00,0.20900,260
792,413.800,100.00,0.20800,260
793,410.700,100.00,0.20700,260
794,401.350,100.00,0.20600,260
795,423.150,100.00,0.20500,260
796,408.800,100.00,0.20400,260
797,403.450,100.00,0.20300,260
798,405.350,100.00,0.20200,260
799,404.150,100.00,0.20100,260
800,398.050,100.00,0.20000,260
801,404.950,100.00,0.19900,260
802,417.800,100.00,0.19800,260
803,404.750,100.00,0.19700,260
804,419.150,100.00,0.19600,260
805,395.050,100.00,0.19500,260
806,409.050,100.00,0.19400,260
807,410.200,100.00,0.19300,260
808,406.800,100.00,0.19200,260
809,428.700,100.00,0.19100,260
810,408.250,100.00,0.19000,260
811,410.150,100.00,0.18900,260
812,418.200,100.00,0.18800,260
813,408.150,100.00,0.18700,260
814,403.300,100.00,0.18600,260
815,408.900,100.00,0.18500,260
816,394.500,100.00,0.18400,260
817,411.150,100.00,0.18300,260
818,412.950,100.00,0.18200,260
819,412.100,100.00,0.18100,260
820,409.100,100.00,0.18000,260
821,388.550,100.00,0.17900,260
822,399.200,100.00,0.17800,260
823,402.950,100.00,0.17700,260
824,417.500,100.00,0.17600,260
825,412.700,100.00,0.17500,260
826,408.700,100.00,0.17400,260
827,424.150,100.00,0.17300,260
828,413.450,100.00,0.17200,260
829,409.000,100.00,0.17100,260
830,409.350,100.00,0.17000,260
831,412.150,100.00,0.16900,260
832,410.750,100.00,0.16800,260
833,411.650,100.00,0.16700,260
834,409.150,100.00,0.16600,260
835,414.500,100.00,0.16500,260
836,402.200,100.00,0.16400,260
837,400.900,100.00,0.16300,260
838,410.200,100.00,0.16200,260
839,411.050,100.00,0.16100,260
840,420.200,100.00,0.16000,260
841,407.200,100.00,0.15900,260
842,419.450,100.00,0.15800,260
843,398.800,100.00,0.15700,260
844,409.150,100.00,0.15600,260
845,404.550,100.00,0.15500,260
846,412.600,100.00,0.15400,260
847,402.900,100.00,0.15300,260
848,411.800,100.00,0.15200,260
849,404.850,100.00,0.15100,260
850,411.200,100.00,0.15000,260
851,411.350,100.00,0.14900,260
852,417.850,100.00,0.14800,260
853,421.000,100.00,0.14700,260
854,410.100,100.00,0.14600,260
855,400.700,100.00,0.14500,260
856,417.500,100.00,0.14400,260
857,408.550,100.00,0.14300,260
858,414.650,100.00,0.14200,260
859,403.450,100.00,0.14100,260
860,402.700,100.00,0.14000,260
861,397.300,100.00,0.13900,260
862,397.400,100.00,0.13800,260
863,402.800,100.00,0.13700,260
864,412.150,100.00,0.13600,260
865,403.300,100.00,0.13500,260
866,387.600,100.00,0.13400,260
867,423.650,100.00,0.13300,260
868,396.400,100.00,0.13200,260
869,403.350,100.00,0.13100,260
870,420.900,100.00,0.13000,260
871,416.650,100.00,0.12900,260
872,410.150,100.00,0.12800,260
873,408.900,100.00,0.12700,260
874,418.550,100.00,0.12600,260
875,421.350,100.00,0.12500,260
876,411.550,100.00,0.12400,260
877,400.650,100.00,0.12300,260
878,401.150,100.00,0.12200,260
879,394.000,100.00,0.12100,260
880,406.900,100.00,0.12000,260
881,409.350,100.00,0.11900,260
882,403.650,100.00,0.11800,260
883,419.800,100.00,0.11700,260
884,401.500,100.00,0.11600,260
885,409.200,100.00,0.11500,260
886,425.800,100.00,0.11400,260
887,414.450,100.00,0.11300,260
888,407.550,100.00,0.11200,260
889,404.200,100.00,0.11100,260
890,409.850,100.00,0.11000,260
891,402.850,100.00,0.10900,260
892,398.400,100.00,0.10800,260
893,409.250,100.00,0.10700,260
894,397.900,100.00,0.10600,260
895,407.150,100.00,0.10500,260
896,403.600,100.00,0.10400,260
897,402.000,100.00,0.10300,260
898,385.050,100.00,0.10200,260
899,416.000,100.00,0.10100,260
900,415.500,100.00,0.10000,260
901,408.550,100.00,0.09900,260
902,413.250,100.00,0.09800,260
903,409.800,100.00,0.09700,260
904,421.800,100.00,0.09600,260
905,401.150,100.00,0.09500,260
906,414.350,100.00,0.09400,260
907,396.850,100.00,0.09300,260
908,425.350,100.00,0.09200,260
909,423.600,100.00,0.09100,260
910,417.000,100.00,0.09000,260
911,413.550,100.00,0.08900,260
912,412.200,100.00,0.08800,260
913,406.300,100.00,0.08700,260
914,407.350,100.00,0.08600,260
915,416.950,100.00,0.08500,260
916,393.700,100.00,0.08400,260
917,417.950,100.00,0.08300,260
918,428.250,100.00,0.08200,260
919,409.250,100.00,0.08100,260
920,391.800,100.00,0.08000,260
921,411.100,100.00,0.07900,260
922,413.050,100.00,0.07800,260
923,405.950,100.00,0.07700,260
924,405.600,100.00,0.07600,260
925,418.750,100.00,0.07500,260
926,393.900,100.00,0.07400,260
927,412.450,100.00,0.07300,260
928,401.700,100.00,0.07200,260
929,407.950,100.00,0.07100,260
930,422.550,100.00,0.07000,260
931,407.950,100.00,0.06900,260
932,400.150,100.00,0.06800,260
933,405.500,100.00,0.06700,260
934,387.900,100.00,0.06600,260
935,404.500,100.00,0.06500,260
936,416.100,100.00,0.06400,260
937,403.400,100.00,0.06300,260
938,402.500,100.00,0.06200,260
939,401.650,100.00,0.06100,260
940,426.350,100.00,0.06000,260
941,402.250,100.00,0.05900,260
942,408.050,100.00,0.05800,260
943,405.250,100.00,0.05700,260
944,413.300,100.00,0.05600,260
945,409.550,100.00,0.05500,260
946,400.050,100.00,0.05400,260
947,427.800,100.00,0.05300,260
948,411.250,100.00,0.05200,260
949,421.350,100.00,0.05100,260
950,406.600,100.00,0.05000,260
951,410.000,100.00,0.05000,260
952,396.450,100.00,0.05000,260
953,416.900,100.00,0.05000,260
954,407.650,100.00,0.05000,260
955,414.650,100.00,0.05000,260
956,402.500,100.00,0.05000,260
957,422.950,100.00,0.05000,260
958,409.950,100.00,0.05000,260
959,397.450,100.00,0.05000,260
960,407.850,100.00,0.05000,260
961,408.300,100.00,0.05000,260
962,396.700,100.00,0.05000,260
963,408.700,100.00,0.05000,260
964,410.350,100.00,0.05000,260
965,408.400,100.00,0.05000,260
966,403.050,100.00,0.05000,260
967,395.900,100.00,0.05000,260
968,402.650,100.00,0.05000,260
969,402.950,100.00,0.05000,260
970,406.900,100.00,0.05000,260
971,421.650,100.00,0.05000,260
972,397.150,100.00,0.05000,260
973,399.250,100.00,0.05000,260
974,416.250,100.00,0.05000,260
975,402.350,100.00,0.05000,260
976,397.850,100.00,0.05000,260
977,412.500,100.00,0.05000,260
978,408.550,100.00,0.05000,260
979,390.700,100.00,0.05000,260
980,405.600,100.00,0.05000,260
981,407.800,100.00,0.05000,260
982,403.450,100.00,0.05000,260
983,406.800,100.00,0.05000,260
984,396.800,100.00,0.05000,260
985,417.500,100.00,0.05000,260
986,404.150,100.00,0.05000,260
987,406.450,100.00,0.05000,260
988,402.300,100.00,0.05000,260
989,414.700,100.00,0.05000,260
990,415.250,100.00,0.05000,260
991,408.900,100.00,0.05000,260
992,400.950,100.00,0.05000,260
993,409.950,100.00,0.05000,260
994,404.500,100.00,0.05000,260
995,406.050,100.00,0.05000,260
996,407.100,100.00,0.05000,260
997,413.250,100.00,0.05000,260
998,425.600,100.00,0.05000,260
999,416.650,100.00,0.05000,260
1000,406.850,100.00,0.05000,260
1001,392.400,100.00,0.05000,260
1002,396.350,100.00,0.05000,260
1003,406.550,100.00,0.05000,260
1004,408.200,100.00,0.05000,260
1005,394.950,100.00,0.05000,260
1006,413.300,100.00,0.05000,260
1007,411.250,100.00,0.05000,260
1008,392.850,100.00,0.05000,260
1009,409.950,100.00,0.05000,260
1010,411.100,100.00,0.05000,260
1011,411.100,100.00,0.05000,260
1012,413.000,100.00,0.05000,260
1013,401.050,100.00,0.05000,260
1014,387.400,100.00,0.05000,260
1015,406.200,100.00,0.05000,260
1016,397.450,100.00,0.05000,260
1017,383.150,100.00,0.05000,260
1018,411.700,100.00,0.05000,260
1019,408.600,100.00,0.05000,260
1020,398.750,100.00,0.05000,260
1021,408.250,100.00,0.05000,260
1022,412.950,100.00,0.05000,260
1023,403.100,100.00,0.05000,260
1024,416.650,100.00,0.05000,260
1025,409.900,100.00,0.05000,260
1026,409.550,100.00,0.05000,260
1027,401.750,100.00,0.05000,260
1028,404.400,100.00,0.05000,260
1029,422.350,100.00,0.05000,260
1030,417.100,100.00,0.05000,260
1031,419.250,100.00,0.05000,260
1032,409.100,100.00,0.05000,260
1033,405.100,100.00,0.05000,260
1034,413.200,100.00,0.05000,260
1035,424.250,100.00,0.05000,260
1036,394.400,100.00,0.05000,260
1037,416.700,100.00,0.05000,260
1038,400.900,100.00,0.05000,260
1039,415.950,100.00,0.05000,260
1040,407.250,100.00,0.05000,260
1041,398.150,100.00,0.05000,260
1042,388.050,100.00,0.05000,260
1043,412.900,100.00,0.05000,260
1044,414.500,100.00,0.05000,260
1045,399.150,100.00,0.05000,260
1046,411.000,100.00,0.05000,260
1047,416.200,100.00,0.05000,260
1048,403.300,100.00,0.05000,260
1049,414.700,100.00,0.05000,260
1050,428.800,100.00,0.05000,260
1051,402.100,100.00,0.05000,260
1052,396.550,100.00,0.05000,260
1053,406.450,100.00,0.05000,260
1054,398.400,100.00,0.05000,260
1055,401.100,100.00,0.05000,260
1056,413.650,100.00,0.05000,260
1057,399.600,100.00,0.05000,260
1058,418.150,100.00,0.05000,260
1059,410.600,100.00,0.05000,260
1060,415.200,100.00,0.05000,260
1061,405.200,100.00,0.05000,260
1062,413.400,100.00,0.05000,260
1063,410.000,100.00,0.05000,260
1064,431.150,100.00,0.05000,260
1065,392.250,100.00,0.05000,260
1066,408.950,100.00,0.05000,260
1067,403.150,100.00,0.05000,260
1068,420.500,100.00,0.05000,260
1069,422.950,100.00,0.05000,260
1070,419.800,100.00,0.05000,260
1071,400.350,100.00,0.05000,260
1072,402.750,100.00,0.05000,260
1073,416.950,100.00,0.05000,260
1074,418.350,100.00,0.05000,260
1075,405.150,100.00,0.05000,260
1076,408.050,100.00,0.05000,260
1077,403.950,100.00,0.05000,260
1078,404.600,100.00,0.05000,260
1079,401.400,100.00,0.05000,260
1080,408.100,100.00,0.05000,260
1081,412.350,100.00,0.05000,260
1082,392.900,100.00,0.05000,260
1083,405.000,100.00,0.05000,260
1084,411.650,100.00,0.05000,260
1085,424.250,100.00,0.05000,260
1086,394.500,100.00,0.05000,260
1087,396.650,100.00,0.05000,260
1088,417.100,100.00,0.05000,260
1089,394.800,100.00,0.05000,260
1090,396.800,100.00,0.05000,260
1091,399.600,100.00,0.05000,260
1092,406.200,100.00,0.05000,260
1093,434.850,100.00,0.05000,260
1094,421.100,100.00,0.05000,260
1095,408.050,100.00,0.05000,260
1096,420.500,100.00,0.05000,260
1097,407.650,100.00,0.05000,260
1098,408.550,100.00,0.05000,260
1099,404.300,100.00,0.05000,260
1100,419.200,100.00,0.05000,260
1101,419.600,100.00,0.05000,260
1102,415.500,100.00,0.05000,260
1103,408.500,100.00,0.05000,260
1104,403.500,100.00,0.05000,260
1105,415.350,100.00,0.05000,260
1106,409.450,100.00,0.05000,260
1107,408.450,100.00,0.05000,260
1108,416.500,100.00,0.05000,260
1109,390.550,100.00,0.05000,260
1110,418.050,100.00,0.05000,260
1111,407.400,100.00,0.05000,260
1112,379.750,100.00,0.05000,260
1113,406.400,100.00,0.05000,260
1114,420.850,100.00,0.05000,260
1115,398.800,100.00,0.05000,260
1116,422.650,100.00,0.05000,260
1117,405.800,100.00,0.05000,260
1118,399.700,100.00,0.05000,260
1119,403.450,100.00,0.05000,260
1120,410.900,100.00,0.05000,260
1121,435.250,100.00,0.05000,260
1122,414.800,100.00,0.05000,260
1123,393.650,100.00,0.05000,260
1124,404.900,100.00,0.05000,260
1125,409.900,100.00,0.05000,260
1126,405.350,100.00,0.05000,260
1127,399.850,100.00,0.05000,260
1128,400.000,100.00,0.05000,260
1129,421.700,100.00,0.05000,260
1130,398.450,100.00,0.05000,260
1131,407.250,100.00,0.05000,260
1132,419.300,100.00,0.05000,260
1133,418.050,100.00,0.05000,260
1134,401.650,100.00,0.05000,260
1135,410.450,100.00,0.05000,260
1136,415.300,100.00,0.05000,260
1137,411.900,100.00,0.05000,260
1138,414.100,100.00,0.05000,260
1139,420.150,100.00,0.05000,260
1140,417.350,100.00,0.05000,260
1141,408.550,100.00,0.05000,260
1142,399.050,100.00,0.05000,260
1143,416.900,100.00,0.05000,260
1144,407.100,100.00,0.05000,260
1145,409.900,100.00,0.05000,260
1146,416.750,100.00,0.05000,260
1147,403.350,100.00,0.05000,260
1148,408.900,100.00,0.05000,260
1149,417.050,100.00,0.05000,260
1150,407.650,100.00,0.05000,260
1151,404.000,100.00,0.05000,260
1152,391.000,100.00,0.05000,260
1153,420.450,100.00,0.05000,260
1154,417.150,100.00,0.05000,260
1155,411.600,100.00,0.05000,260
1156,397.600,100.00,0.05000,260
1157,405.250,100.00,0.05000,260
1158,394.250,100.00,0.05000,260
1159,411.100,100.00,0.05000,260
1160,414.200,100.00,0.05000,260
1161,418.950,100.00,0.05000,260
1162,406.400,100.00,0.05000,260
1163,393.750,100.00,0.05000,260
1164,411.100,100.00,0.05000,260
1165,414.700,100.00,0.05000,260
1166,412.300,100.00,0.05000,260
1167,398.600,100.00,0.05000,260
1168,402.000,100.00,0.05000,260
1169,396.200,100.00,0.05000,260
1170,394.400,100.00,0.05000,260
1171,425.250,100.00,0.05000,260
1172,418.400,100.00,0.05000,260
1173,398.500,100.00,0.05000,260
1174,408.400,100.00,0.05000,260
1175,420.050,100.00,0.05000,260
1176,406.650,100.00,0.05000,260
1177,413.250,100.00,0.05000,260
1178,400.600,100.00,0.05000,260
1179,401.050,100.00,0.05000,260
1180,400.850,100.00,0.05000,260
1181,405.800,100.00,0.05000,260
1182,418.600,100.00,0.05000,260
1183,410.600,100.00,0.05000,260
1184,404.850,100.00,0.05000,260
1185,420.500,100.00,0.05000,260
1186,403.050,100.00,0.05000,260
1187,408.350,100.00,0.05000,260
1188,396.900,100.00,0.05000,260
1189,410.450,100.00,0.05000,260
1190,407.600,100.00,0.05000,260
1191,416.600,100.00,0.05000,260
1192,415.000,100.00,0.05000,260
1193,403.000,100.00,0.05000,260
1194,404.100,100.00,0.05000,260
1195,404.200,100.00,0.05000,260
1196,421.950,100.00,0.05000,260
1197,404.000,100.00,0.05000,260
1198,411.250,100.00,0.05000,260
1199,411.600,100.00,0.05000,260
1200,409.200,100.00,0.05000,260
1201,420.050,100.00,0.05000,260
1202,410.450,100.00,0.05000,260
1203,414.150,100.00,0.05000,260
1204,407.650,100.00,0.05000,260
1205,416.100,100.00,0.05000,260
1206,425.150,100.00,0.05000,260
1207,410.400,100.00,0.05000,260
1208,415.700,100.00,0.05000,260
1209,404.450,100.00,0.05000,260
1210,391.050,100.00,0.05000,260
1211,399.150,100.00,0.05000,260
1212,400.650,100.00,0.05000,260
1213,401.550,100.00,0.05000,260
1214,396.250,100.00,0.05000,260
1215,398.750,100.00,0.05000,260
1216,398.050,100.00,0.05000,260
1217,411.300,100.00,0.05000,260
1218,386.750,100.00,0.05000,260
1219,419.150,100.00,0.05000,260
1220,407.900,100.00,0.05000,260
1221,411.900,100.00,0.05000,260
1222,383.100,100.00,0.05000,260
1223,413.250,100.00,0.05000,260
1224,421.950,100.00,0.05000,260
1225,419.300,100.00,0.05000,260
1226,420.700,100.00,0.05000,260
1227,408.450,100.00,0.05000,260
1228,410.950,100.00,0.05000,260
1229,408.000,100.00,0.05000,260
1230,429.050,100.00,0.05000,260
1231,390.000,100.00,0.05000,260
1232,407.150,100.00,0.05000,260
1233,419.200,100.00,0.05000,260
1234,403.450,100.00,0.05000,260
1235,400.100,100.00,0.05000,260
1236,413.350,100.00,0.05000,260
1237,414.350,100.00,0.05000,260
1238,403.650,100.00,0.05000,260
1239,405.100,100.00,0.05000,260
1240,417.150,100.00,0.05000,260
1241,390.600,100.00,0.05000,260
1242,398.450,100.00,0.05000,260
1243,386.350,100.00,0.05000,260
1244,406.350,100.00,0.05000,260
1245,404.150,100.00,0.05000,260
1246,409.550,100.00,0.05000,260
1247,410.700,100.00,0.05000,260
1248,419.050,100.00,0.05000,260
1249,384.950,100.00,0.05000,260
1250,409.600,100.00,0.05000,260
1251,412.350,100.00,0.05000,260
1252,401.400,100.00,0.05000,261
1253,427.400,100.00,0.05000,261
1254,413.550,100.00,0.05000,261
1255,409.550,100.00,0.05000,261
1256,411.600,100.00,0.05000,261
1257,418.300,100.00,0.05000,261
1258,415.800,100.00,0.05000,261
1259,397.600,100.00,0.05000,261
1260,392.300,100.00,0.05000,261
1261,411.250,100.00,0.05000,261
1262,406.950,100.00,0.05000,261
1263,399.600,100.00,0.05000,261
1264,412.100,100.00,0.05000,261
1265,387.850,100.00,0.05000,261
1266,422.100,100.00,0.05000,261
1267,397.500,100.00,0.05000,261
1268,403.850,100.00,0.05000,261
1269,425.600,100.00,0.05000,261
1270,405.250,100.00,0.05000,261
1271,413.700,100.00,0.05000,261
1272,405.700,100.00,0.05000,261
1273,404.000,100.00,0.05000,261
1274,413.250,100.00,0.05000,261
1275,412.800,100.00,0.05000,261
1276,400.250,100.00,0.05000,261
1277,427.400,100.00,0.05000,261
1278,396.750,100.00,0.05000,261
1279,409.400,100.00,0.05000,261
1280,399.300,100.00,0.05000,261
1281,397.050,100.00,0.05000,261
1282,423.900,100.00,0.05000,261
1283,418.800,100.00,0.05000,261
1284,401.250,100.00,0.05000,261
1285,401.350,100.00,0.05000,261
1286,407.200,100.00,0.05000,261
1287,404.450,100.00,0.05000,261
1288,415.900,100.00,0.05000,261
1289,397.850,100.00,0.05000,261
1290,419.350,100.00,0.05000,261
1291,413.550,100.00,0.05000,261
1292,400.650,100.00,0.05000,261
1293,409.000,100.00,0.05000,261
1294,408.650,100.00,0.05000,261
1295,406.400,100.00,0.05000,261
1296,411.150,100.00,0.05000,261
1297,404.850,100.00,0.05000,261
1298,406.350,100.00,0.05000,261
1299,415.950,100.00,0.05000,261
1300,411.500,100.00,0.05000,261
1301,408.350,100.00,0.05000,261
1302,394.000,100.00,0.05000,261
1303,408.450,100.00,0.05000,261
1304,406.300,100.00,0.05000,261
1305,403.300,100.00,0.05000,261
1306,403.200,100.00,0.05000,261
1307,395.300,100.00,0.05000,261
1308,401.100,100.00,0.05000,261
1309,411.300,100.00,0.05000,261
1310,421.600,100.00,0.05000,261
1311,401.300,100.00,0.05000,261
1312,426.550,100.00,0.05000,261
1313,408.600,100.00,0.05000,261
1314,408.250,100.00,0.05000,261
1315,406.100,100.00,0.05000,261
1316,418.550,100.00,0.05000,261
1317,393.200,100.00,0.05000,261
1318,410.150,100.00,0.05000,261
1319,408.700,100.00,0.05000,261
1320,422.050,100.00,0.05000,261
1321,412.050,100.00,0.05000,261
1322,399.300,100.00,0.05000,261
1323,402.700,100.00,0.05000,261
1324,412.200,100.00,0.05000,261
1325,411.800,100.00,0.05000,261
1326,411.400,100.00,0.05000,261
1327,405.100,100.00,0.05000,261
1328,418.050,100.00,0.05000,261
1329,399.150,100.00,0.05000,261
1330,409.400,100.00,0.05000,261
1331,406.850,100.00,0.05000,261
1332,414.500,100.00,0.05000,261
1333,413.650,100.00,0.05000,261
1334,406.050,100.00,0.05000,261
1335,412.550,100.00,0.05000,261
1336,406.500,100.00,0.05000,261
1337,393.850,100.00,0.05000,261
1338,393.550,100.00,0.05000,261
1339,421.200,100.00,0.05000,261
1340,410.000,100.00,0.05000,261
1341,402.250,100.00,0.05000,261
1342,411.700,100.00,0.05000,261
1343,398.500,100.00,0.05000,261
1344,407.300,100.00,0.05000,261
1345,413.900,100.00,0.05000,261
1346,401.050,100.00,0.05000,261
1347,416.300,100.00,0.05000,261
1348,403.350,100.00,0.05000,261
1349,406.700,100.00,0.05000,261
1350,404.650,100.00,0.05000,261
1351,395.500,100.00,0.05000,261
1352,428.100,100.00,0.05000,261
1353,409.200,100.00,0.05000,261
1354,416.000,100.00,0.05000,261
1355,404.400,100.00,0.05000,261
1356,407.050,100.00,0.05000,261
1357,415.050,100.00,0.05000,261
1358,410.550,100.00,0.05000,261
1359,426.650,100.00,0.05000,261
1360,406.650,100.00,0.05000,261
1361,417.950,100.00,0.05000,261
1362,417.200,100.00,0.05000,261
1363,411.450,100.00,0.05000,261
1364,393.200,100.00,0.05000,261
1365,393.750,100.00,0.05000,261
1366,415.750,100.00,0.05000,261
1367,406.650,100.00,0.05000,261
1368,423.100,100.00,0.05000,261
1369,412.900,100.00,0.05000,261
1370,406.000,100.00,0.05000,261
1371,404.850,100.00,0.05000,261
1372,397.750,100.00,0.05000,261
1373,406.950,100.00,0.05000,262
1374,397.750,100.00,0.05000,262
1375,403.350,100.00,0.05000,262
1376,408.200,100.00,0.05000,262
1377,412.450,100.00,0.05000,262
1378,418.150,100.00,0.05000,262
1379,401.600,100.00,0.05000,262
1380,413.350,100.00,0.05000,262
1381,400.100,100.00,0.05000,262
1382,414.400,100.00,0.05000,262
1383,391.400,100.00,0.05000,262
1384,408.100,100.00,0.05000,262
1385,416.900,100.00,0.05000,262
1386,403.000,100.00,0.05000,262
1387,415.300,100.00,0.05000,262
1388,404.450,100.00,0.05000,262
1389,409.700,100.00,0.05000,262
1390,416.000,100.00,0.05000,262
1391,406.250,100.00,0.05000,262
1392,422.500,100.00,0.05000,262
1393,420.000,100.00,0.05000,262
1394,398.650,100.00,0.05000,262
1395,416.800,100.00,0.05000,262
1396,402.700,100.00,0.05000,262
1397,416.850,100.00,0.05000,262
1398,403.100,100.00,0.05000,262
1399,395.500,100.00,0.05000,262
1400,399.700,100.00,0.05000,262
1401,427.600,100.00,0.05000,262
1402,395.200,100.00,0.05000,262
1403,423.200,100.00,0.05000,262
1404,408.900,100.00,0.05000,262
1405,414.650,100.00,0.05000,262
1406,421.000,100.00,0.05000,262
1407,407.500,100.00,0.05000,262
1408,408.900,100.00,0.05000,262
1409,412.200,100.00,0.05000,262
1410,421.900,100.00,0.05000,262
1411,400.700,100.00,0.05000,262
1412,417.650,100.00,0.05000,262
1413,418.650,100.00,0.05000,262
1414,419.500,100.00,0.05000,262
1415,417.250,100.00,0.05000,262
1416,422.450,100.00,0.05000,262
1417,388.000,100.00,0.05000,262
1418,411.600,100.00,0.05000,262
1419,425.250,100.00,0.05000,262
1420,407.350,100.00,0.05000,262
1421,417.900,100.00,0.05000,262
1422,406.300,100.00,0.05000,262
1423,432.450,100.00,0.05000,262
1424,417.500,100.00,0.05000,262
1425,418.950,100.00,0.05000,262
1426,410.300,100.00,0.05000,262
1427,406.600,100.00,0.05000,262
1428,400.850,100.00,0.05000,262
1429,420.000,100.00,0.05000,262
1430,399.450,100.00,0.05000,262
1431,405.400,100.00,0.05000,262
1432,402.200,100.00,0.05000,262
1433,398.750,100.00,0.05000,262
1434,400.250,100.00,0.05000,262
1435,408.650,100.00,0.05000,262
1436,403.500,100.00,0.05000,262
1437,422.100,100.00,0.05000,262
1438,400.950,100.00,0.05000,262
1439,409.300,100.00,0.05000,262
1440,402.800,100.00,0.05000,262
1441,410.100,100.00,0.05000,262
1442,400.750,100.00,0.05000,262
1443,404.950,100.00,0.05000,262
1444,418.750,100.00,0.05000,262
1445,396.350,100.00,0.05000,262
1446,403.200,100.00,0.05000,262
1447,395.550,100.00,0.05000,262
1448,423.350,100.00,0.05000,262
1449,415.400,100.00,0.05000,262
1450,422.250,100.00,0.05000,262
1451,407.800,100.00,0.05000,262
1452,414.500,100.00,0.05000,262
1453,401.750,100.00,0.05000,262
1454,427.800,100.00,0.05000,262
1455,415.350,100.00,0.05000,262
1456,411.900,100.00,0.05000,262
1457,419.300,100.00,0.05000,262
1458,413.300,100.00,0.05000,262
1459,419.750,100.00,0.05000,262
1460,415.250,100.00,0.05000,262
1461,407.750,100.00,0.05000,262
1462,395.600,100.00,0.05000,262
1463,396.900,100.00,0.05000,262
1464,412.400,100.00,0.05000,262
1465,402.800,100.00,0.05000,262
1466,406.650,100.00,0.05000,262
1467,407.700,100.00,0.05000,262
1468,410.250,100.00,0.05000,262
1469,400.850,100.00,0.05000,262
1470,418.350,100.00,0.05000,262
1471,422.200,100.00,0.05000,262
1472,409.000,100.00,0.05000,262
1473,410.500,100.00,0.05000,262
1474,415.900,100.00,0.05000,262
1475,404.350,100.00,0.05000,262
1476,404.200,100.00,0.05000,262
1477,406.500,100.00,0.05000,262
1478,417.150,100.00,0.05000,262
1479,401.950,100.00,0.05000,262
1480,386.350,100.00,0.05000,262
1481,407.400,100.00,0.05000,262
1482,409.150,100.00,0.05000,262
1483,411.750,100.00,0.05000,262
1484,412.350,100.00,0.05000,262
1485,411.350,100.00,0.05000,262
1486,420.150,100.00,0.05000,262
1487,410.950,100.00,0.05000,262
1488,412.550,100.00,0.05000,262
1489,403.050,100.00,0.05000,262
1490,414.600,100.00,0.05000,262
1491,394.500,100.00,0.05000,262
1492,406.350,100.00,0.05000,262
1493,411.750,100.00,0.05000,262
1494,417.000,100.00,0.05000,262
1495,403.950,100.00,0.05000,262
1496,414.600,100.00,0.05000,262
1497,417.350,100.00,0.05000,262
1498,410.700,100.00,0.05000,262
1499,403.850,100.00,0.05000,262
1500,406.950,100.00,0.05000,262
1501,406.600,100.00,0.05000,262
1502,403.550,100.00,0.05000,262
1503,418.200,100.00,0.05000,262
1504,393.100,100.00,0.05000,262
1505,405.200,100.00,0.05000,262
1506,395.250,100.00,0.05000,262
1507,418.700,100.00,0.05000,262
1508,423.350,100.00,0.05000,262
1509,411.150,100.00,0.05000,262
1510,408.050,100.00,0.05000,262
1511,418.650,100.00,0.05000,262
1512,406.150,100.00,0.05000,262
1513,406.600,100.00,0.05000,262
1514,410.300,100.00,0.05000,262
1515,413.300,100.00,0.05000,262
1516,395.950,100.00,0.05000,262
1517,416.650,100.00,0.05000,262
1518,425.300,100.00,0.05000,262
1519,401.000,100.00,0.05000,262
1520,403.700,100.00,0.05000,262
1521,427.450,100.00,0.05000,262
1522,401.500,100.00,0.05000,262
1523,391.950,100.00,0.05000,262
1524,387.350,100.00,0.05000,262
1525,422.950,100.00,0.05000,262
1526,390.150,100.00,0.05000,262
1527,420.000,100.00,0.05000,262
1528,417.950,100.00,0.05000,262
1529,425.800,100.00,0.05000,262
1530,408.150,100.00,0.05000,262
1531,400.950,100.00,0.05000,262
1532,409.700,100.00,0.05000,262
1533,399.600,100.00,0.05000,262
1534,414.500,100.00,0.05000,262
1535,396.050,100.00,0.05000,262
1536,412.450,100.00,0.05000,262
1537,407.050,100.00,0.05000,262
1538,396.650,100.00,0.05000,262
1539,406.550,100.00,0.05000,262
1540,397.350,100.00,0.05000,262
1541,406.300,100.00,0.05000,262
1542,413.900,100.00,0.05000,262
1543,409.300,100.00,0.05000,262
1544,399.700,100.00,0.05000,262
1545,413.300,100.00,0.05000,262
1546,403.050,100.00,0.05000,262
1547,413.450,100.00,0.05000,262
1548,387.650,100.00,0.05000,262
1549,424.400,100.00,0.05000,262
1550,417.800,100.00,0.05000,262
1551,396.100,100.00,0.05000,262
1552,402.700,100.00,0.05000,262
1553,415.950,100.00,0.05000,262
1554,398.550,100.00,0.05000,262
1555,398.250,100.00,0.05000,262
1556,410.100,100.00,0.05000,262
1557,393.800,100.00,0.05000,262
1558,406.950,100.00,0.05000,262
1559,396.600,100.00,0.05000,262
1560,402.850,100.00,0.05000,262
1561,390.800,100.00,0.05000,262
1562,397.000,100.00,0.05000,262
1563,398.600,100.00,0.05000,262
1564,411.900,100.00,0.05000,262
1565,422.500,100.00,0.05000,262
1566,416.000,100.00,0.05000,262
1567,401.950,100.00,0.05000,262
1568,409.950,100.00,0.05000,262
1569,400.450,100.00,0.05000,262
1570,395.500,100.00,0.05000,262
1571,402.350,100.00,0.05000,262
1572,407.750,100.00,0.05000,262
1573,401.750,100.00,0.05000,262
1574,411.250,100.00,0.05000,262
1575,400.600,100.00,0.05000,262
1576,407.000,100.00,0.05000,262
1577,397.850,100.00,0.05000,262
1578,405.350,100.00,0.05000,262
1579,402.700,100.00,0.05000,262
1580,410.850,100.00,0.05000,262
1581,410.450,100.00,0.05000,262
1582,421.200,100.00,0.05000,262
1583,389.400,100.00,0.05000,262
1584,399.200,100.00,0.05000,262
1585,414.500,100.00,0.05000,262
1586,415.100,100.00,0.05000,262
1587,400.900,100.00,0.05000,262
1588,428.150,100.00,0.05000,262
1589,415.250,100.00,0.05000,262
1590,426.050,100.00,0.05000,262
1591,395.550,100.00,0.05000,262
1592,405.400,100.00,0.05000,262
1593,396.150,100.00,0.05000,262
1594,411.600,100.00,0.05000,262
1595,416.000,100.00,0.05000,262
1596,410.100,100.00,0.05000,262
1597,417.800,100.00,0.05000,262
1598,402.250,100.00,0.05000,262
1599,414.500,100.00,0.05000,262
1600,404.950,100.00,0.05000,262
1601,394.800,100.00,0.05000,262
1602,418.800,100.00,0.05000,262
1603,396.150,100.00,0.05000,262
1604,415.500,100.00,0.05000,262
1605,395.100,100.00,0.05000,262
1606,417.950,100.00,0.05000,262
1607,413.200,100.00,0.05000,262
1608,398.150,100.00,0.05000,262
1609,403.400,100.00,0.05000,262
1610,411.650,100.00,0.05000,262
1611,405.850,100.00,0.05000,262
1612,423.650,100.00,0.05000,262
1613,407.600,100.00,0.05000,262
1614,395.800,100.00,0.05000,262
1615,412.900,100.00,0.05000,262
1616,405.300,100.00,0.05000,262
1617,411.400,100.00,0.05000,262
1618,425.400,100.00,0.05000,262
1619,408.150,100.00,0.05000,262
1620,413.300,100.00,0.05000,262
1621,406.650,100.00,0.05000,262
1622,416.800,100.00,0.05000,262
1623,404.150,100.00,0.05000,262
1624,403.300,100.00,0.05000,262
1625,407.150,100.00,0.05000,262
1626,390.500,100.00,0.05000,262
1627,420.400,100.00,0.05000,262
1628,381.500,100.00,0.05000,262
1629,411.800,100.00,0.05000,262
1630,410.350,100.00,0.05000,262
1631,412.300,100.00,0.05000,262
1632,402.600,100.00,0.05000,262
1633,402.400,100.00,0.05000,262
1634,399.300,100.00,0.05000,262
1635,418.200,100.00,0.05000,262
1636,401.900,100.00,0.05000,262
1637,397.000,100.00,0.05000,262
1638,416.300,100.00,0.05000,262
1639,412.800,100.00,0.05000,262
1640,398.400,100.00,0.05000,262
1641,414.900,100.00,0.05000,262
1642,409.150,100.00,0.05000,262
1643,407.800,100.00,0.05000,262
1644,411.100,100.00,0.05000,262
1645,402.700,100.00,0.05000,262
1646,409.100,100.00,0.05000,262
1647,414.800,100.00,0.05000,262
1648,407.900,100.00,0.05000,262
1649,420.550,100.00,0.05000,262
1650,420.150,100.00,0.05000,262
1651,408.050,100.00,0.05000,262
1652,414.150,100.00,0.05000,262
1653,417.300,100.00,0.05000,262
1654,408.450,100.00,0.05000,262
1655,413.800,100.00,0.05000,262
1656,407.050,100.00,0.05000,262
1657,411.450,100.00,0.05000,262
1658,412.350,100.00,0.05000,262
1659,414.800,100.00,0.05000,262
1660,413.700,100.00,0.05000,262
1661,403.300,100.00,0.05000,262
1662,400.750,100.00,0.05000,262
1663,392.000,100.00,0.05000,262
1664,413.950,100.00,0.05000,262
1665,399.000,100.00,0.05000,262
1666,388.950,100.00,0.05000,262
1667,403.750,100.00,0.05000,262
1668,414.800,100.00,0.05000,262
1669,398.200,100.00,0.05000,262
1670,411.400,100.00,0.05000,262
1671,408.100,100.00,0.05000,262
1672,392.750,100.00,0.05000,262
1673,407.650,100.00,0.05000,262
1674,410.200,100.00,0.05000,262
1675,406.200,100.00,0.05000,262
1676,412.750,100.00,0.05000,262
1677,394.350,100.00,0.05000,262
1678,419.500,100.00,0.05000,262
1679,416.650,100.00,0.05000,262
1680,415.850,100.00,0.05000,262
1681,422.350,100.00,0.05000,262
1682,407.850,100.00,0.05000,262
1683,410.400,100.00,0.05000,262
1684,415.900,100.00,0.05000,262
1685,414.300,100.00,0.05000,262
1686,405.450,100.00,0.05000,262
1687,399.800,100.00,0.05000,262
1688,414.550,100.00,0.05000,262
1689,415.950,100.00,0.05000,262
1690,413.950,100.00,0.05000,262
1691,410.250,100.00,0.05000,262
1692,394.800,100.00,0.05000,262
1693,414.450,100.00,0.05000,262
1694,415.250,100.00,0.05000,262
1695,404.000,100.00,0.05000,262
1696,408.900,100.00,0.05000,262
1697,408.950,100.00,0.05000,262
1698,410.500,100.00,0.05000,262
1699,407.350,100.00,0.05000,262
1700,392.250,100.00,0.05000,262
1701,415.550,100.00,0.05000,262
1702,406.600,100.00,0.05000,262
1703,425.050,100.00,0.05000,262
1704,417.350,100.00,0.05000,262
1705,407.200,100.00,0.05000,262
1706,411.700,100.00,0.05000,262
1707,398.650,100.00,0.05000,262
1708,411.150,100.00,0.05000,262
1709,411.200,100.00,0.05000,262
1710,415.500,100.00,0.05000,262
1711,405.100,100.00,0.05000,262
1712,426.050,100.00,0.05000,262
1713,405.700,100.00,0.05000,262
1714,405.950,100.00,0.05000,262
1715,403.700,100.00,0.05000,262
1716,412.850,100.00,0.05000,262
1717,400.350,100.00,0.05000,262
1718,416.300,100.00,0.05000,262
1719,402.100,100.00,0.05000,262
1720,428.150,100.00,0.05000,262
1721,409.300,100.00,0.05000,262
1722,411.900,100.00,0.05000,262
1723,394.150,100.00,0.05000,262
1724,403.950,100.00,0.05000,262
1725,403.650,100.00,0.05000,262
1726,419.400,100.00,0.05000,262
1727,423.950,100.00,0.05000,262
1728,398.600,100.00,0.05000,262
1729,403.100,100.00,0.05000,262
1730,417.150,100.00,0.05000,262
1731,391.100,100.00,0.05000,262
1732,405.150,100.00,0.05000,262
1733,407.950,100.00,0.05000,262
1734,407.150,100.00,0.05000,262
1735,406.800,100.00,0.05000,262
1736,400.550,100.00,0.05000,262
1737,395.000,100.00,0.05000,262
1738,415.500,100.00,0.05000,262
1739,421.250,100.00,0.05000,262
1740,419.500,100.00,0.05000,262
1741,411.900,100.00,0.05000,262
1742,401.250,100.00,0.05000,262
1743,397.950,100.00,0.05000,262
1744,399.100,100.00,0.05000,262
1745,400.950,100.00,0.05000,262
1746,412.200,100.00,0.05000,262
1747,423.300,100.00,0.05000,262
1748,426.900,100.00,0.05000,262
1749,406.900,100.00,0.05000,262
1750,413.900,100.00,0.05000,262
1751,411.300,100.00,0.05000,262
1752,404.400,100.00,0.05000,262
1753,401.450,100.00,0.05000,262
1754,404.100,100.00,0.05000,262
1755,411.250,100.00,0.05000,262
1756,404.050,100.00,0.05000,262
1757,420.400,100.00,0.05000,262
1758,409.600,100.00,0.05000,262
1759,379.350,100.00,0.05000,262
1760,406.850,100.00,0.05000,262
1761,411.050,100.00,0.05000,262
1762,389.150,100.00,0.05000,262
1763,407.700,100.00,0.05000,262
1764,413.150,100.00,0.05000,262
1765,400.200,100.00,0.05000,262
1766,414.650,100.00,0.05000,262
1767,411.750,100.00,0.05000,262
1768,402.950,100.00,0.05000,262
1769,404.300,100.00,0.05000,262
1770,414.800,100.00,0.05000,262
1771,408.250,100.00,0.05000,262
1772,405.150,100.00,0.05000,262
1773,411.000,100.00,0.05000,262
1774,428.650,100.00,0.05000,262
1775,394.250,100.00,0.05000,262
1776,408.300,100.00,0.05000,262
1777,394.000,100.00,0.05000,262
1778,398.750,100.00,0.05000,262
1779,389.500,100.00,0.05000,262
1780,427.750,100.00,0.05000,262
1781,410.900,100.00,0.05000,262
1782,408.200,100.00,0.05000,262
1783,404.000,100.00,0.05000,262
1784,405.350,100.00,0.05000,262
1785,400.750,100.00,0.05000,262
1786,399.400,100.00,0.05000,262
1787,417.700,100.00,0.05000,262
1788,399.000,100.00,0.05000,262
1789,410.900,100.00,0.05000,262
1790,411.150,100.00,0.05000,262
1791,409.700,100.00,0.05000,262
1792,427.150,100.00,0.05000,262
1793,390.550,100.00,0.05000,262
1794,412.250,100.00,0.05000,262
1795,425.150,100.00,0.05000,262
1796,418.300,100.00,0.05000,262
1797,416.700,100.00,0.05000,262
1798,416.800,100.00,0.05000,262
1799,413.150,100.00,0.05000,262
1800,407.350,100.00,0.05000,262
1801,408.650,100.00,0.05000,262
1802,407.550,100.00,0.05000,262
1803,396.650,100.00,0.05000,262
1804,404.550,100.00,0.05000,262
1805,412.350,100.00,0.05000,262
1806,383.350,100.00,0.05000,262
1807,403.250,100.00,0.05000,262
1808,395.450,100.00,0.05000,262
1809,404.600,100.00,0.05000,262
1810,405.650,100.00,0.05000,262
1811,404.750,100.00,0.05000,262
1812,393.950,100.00,0.05000,262
1813,406.750,100.00,0.05000,262
1814,401.750,100.00,0.05000,262
1815,411.600,100.00,0.05000,262
1816,409.500,100.00,0.05000,262
1817,379.000,100.00,0.05000,262
1818,414.400,100.00,0.05000,262
1819,414.500,100.00,0.05000,262
1820,409.950,100.00,0.05000,262
1821,408.850,100.00,0.05000,262
1822,417.750,100.00,0.05000,262
1823,415.200,100.00,0.05000,262
1824,420.750,100.00,0.05000,262
1825,414.450,100.00,0.05000,262
1826,408.850,100.00,0.05000,262
1827,403.200,100.00,0.05000,262
1828,415.350,100.00,0.05000,262
1829,409.900,100.00,0.05000,262
1830,401.700,100.00,0.05000,262
1831,399.500,100.00,0.05000,262
1832,412.350,100.00,0.05000,262
1833,404.050,100.00,0.05000,262
1834,403.450,100.00,0.05000,262
1835,410.250,100.00,0.05000,262
1836,409.300,100.00,0.05000,262
1837,417.400,100.00,0.05000,262
1838,395.450,100.00,0.05000,262
1839,413.450,100.00,0.05000,262
1840,414.100,100.00,0.05000,262
1841,407.200,100.00,0.05000,262
1842,407.000,100.00,0.05000,262
1843,407.900,100.00,0.05000,262
1844,417.150,100.00,0.05000,262
1845,413.250,100.00,0.05000,262
1846,424.200,100.00,0.05000,262
1847,408.000,100.00,0.05000,262
1848,399.750,100.00,0.05000,262
1849,405.000,100.00,0.05000,262
1850,423.800,100.00,0.05000,262
1851,405.350,100.00,0.05000,262
1852,404.300,100.00,0.05000,262
1853,407.250,100.00,0.05000,262
1854,403.450,100.00,0.05000,262
1855,406.900,100.00,0.05000,262
1856,408.050,100.00,0.05000,262
1857,403.650,100.00,0.05000,262
1858,423.150,100.00,0.05000,262
1859,413.850,100.00,0.05000,262
1860,394.600,100.00,0.05000,262
1861,403.900,100.00,0.05000,262
1862,398.750,100.00,0.05000,262
1863,395.800,100.00,0.05000,262
1864,411.850,100.00,0.05000,262
1865,403.750,100.00,0.05000,262
1866,405.650,100.00,0.05000,262
1867,401.950,100.00,0.05000,262
1868,389.200,100.00,0.05000,262
1869,399.950,100.00,0.05000,262
1870,401.450,100.00,0.05000,262
1871,408.500,100.00,0.05000,262
1872,398.150,100.00,0.05000,262
1873,406.500,100.00,0.05000,262
1874,417.050,100.00,0.05000,262
1875,406.750,100.00,0.05000,262
1876,382.300,100.00,0.05000,262
1877,422.950,100.00,0.05000,262
1878,407.350,100.00,0.05000,262
1879,400.600,100.00,0.05000,262
1880,412.450,100.00,0.05000,262
1881,421.250,100.00,0.05000,262
1882,394.900,100.00,0.05000,262
1883,428.600,100.00,0.05000,262
1884,431.350,100.00,0.05000,262
1885,423.600,100.00,0.05000,262
1886,419.700,100.00,0.05000,262
1887,406.050,100.00,0.05000,262
1888,399.100,100.00,0.05000,262
1889,418.500,100.00,0.05000,262
1890,411.200,100.00,0.05000,262
1891,408.900,100.00,0.05000,262
1892,407.300,100.00,0.05000,262
1893,413.150,100.00,0.05000,262
1894,411.950,100.00,0.05000,262
1895,414.000,100.00,0.05000,262
1896,408.750,100.00,0.05000,262
1897,396.300,100.00,0.05000,262
1898,407.200,100.00,0.05000,262
1899,404.700,100.00,0.05000,262
1900,414.200,100.00,0.05000,262
1901,417.000,100.00,0.05000,262
1902,387.200,100.00,0.05000,262
1903,402.900,100.00,0.05000,262
1904,413.600,100.00,0.05000,262
1905,401.950,100.00,0.05000,262
1906,398.150,100.00,0.05000,262
1907,393.250,100.00,0.05000,262
1908,410.350,100.00,0.05000,262
1909,402.700,100.00,0.05000,262
1910,391.600,100.00,0.05000,262
1911,419.150,100.00,0.05000,262
1912,415.500,100.00,0.05000,262
1913,410.700,100.00,0.05000,262
1914,411.600,100.00,0.05000,262
1915,401.200,100.00,0.05000,262
1916,389.750,100.00,0.05000,262
1917,406.900,100.00,0.05000,262
1918,400.450,100.00,0.05000,262
1919,422.300,100.00,0.05000,262
1920,406.200,100.00,0.05000,262
1921,421.000,100.00,0.05000,262
1922,407.900,100.00,0.05000,262
1923,412.000,100.00,0.05000,262
1924,403.700,100.00,0.05000,262
1925,408.550,100.00,0.05000,262
1926,397.300,100.00,0.05000,262
1927,409.200,100.00,0.05000,262
1928,419.000,100.00,0.05000,262
1929,412.350,100.00,0.05000,262
1930,410.100,100.00,0.05000,262
1931,396.300,100.00,0.05000,262
1932,418.550,100.00,0.05000,262
1933,419.650,100.00,0.05000,262
1934,391.350,100.00,0.05000,262
1935,414.350,100.00,0.05000,262
1936,403.750,100.00,0.05000,262
1937,400.700,100.00,0.05000,262
1938,410.000,100.00,0.05000,262
1939,394.650,100.00,0.05000,262
1940,410.700,100.00,0.05000,262
1941,414.400,100.00,0.05000,262
1942,414.600,100.00,0.05000,262
1943,400.550,100.00,0.05000,262
1944,412.950,100.00,0.05000,262
1945,405.550,100.00,0.05000,262
1946,416.750,100.00,0.05000,262
1947,417.800,100.00,0.05000,262
1948,413.900,100.00,0.05000,262
1949,411.100,100.00,0.05000,262
1950,416.100,100.00,0.05000,262
1951,420.850,100.00,0.05000,262
1952,413.050,100.00,0.05000,262
1953,416.000,100.00,0.05000,262
1954,392.750,100.00,0.05000,262
1955,408.050,100.00,0.05000,262
1956,418.550,100.00,0.05000,262
1957,405.250,100.00,0.05000,262
1958,407.600,100.00,0.05000,262
1959,411.900,100.00,0.05000,262
1960,413.550,100.00,0.05000,262
1961,418.550,100.00,0.05000,262
1962,412.550,100.00,0.05000,262
1963,394.900,100.00,0.05000,262
1964,417.400,100.00,0.05000,262
1965,404.650,100.00,0.05000,262
1966,408.850,100.00,0.05000,262
1967,414.500,100.00,0.05000,262
1968,405.550,100.00,0.05000,262
1969,405.250,100.00,0.05000,262
1970,420.700,100.00,0.05000,262
1971,401.900,100.00,0.05000,262
1972,387.900,100.00,0.05000,262
1973,419.650,100.00,0.05000,262
1974,418.600,100.00,0.05000,262
1975,403.200,100.00,0.05000,262
1976,413.500,100.00,0.05000,262
1977,411.850,100.00,0.05000,262
1978,417.800,100.00,0.05000,262
1979,396.250,100.00,0.05000,262
1980,397.450,100.00,0.05000,262
1981,414.300,100.00,0.05000,262
1982,384.900,100.00,0.05000,262
1983,413.200,100.00,0.05000,262
1984,397.800,100.00,0.05000,262
1985,406.200,100.00,0.05000,262
1986,410.450,100.00,0.05000,262
1987,401.850,100.00,0.05000,262
1988,399.250,100.00,0.05000,262
1989,422.550,100.00,0.05000,262
1990,422.950,100.00,0.05000,262
1991,418.450,100.00,0.05000,262
1992,404.800,100.00,0.05000,262
1993,404.050,100.00,0.05000,262
1994,400.050,100.00,0.05000,262
1995,401.400,100.00,0.05000,262
1996,421.750,100.00,0.05000,262
1997,422.100,100.00,0.05000,262
1998,413.750,100.00,0.05000,262
1999,396.650,100.00,0.05000,262
2000,403.300,100.00,0.05000,262
2001,417.250,100.00,0.05000,262
2002,409.450,100.00,0.05000,262
2003,403.950,100.00,0.05000,262
2004,399.650,100.00,0.05000,262
2005,416.750,100.00,0.05000,262
2006,394.300,100.00,0.05000,262
2007,415.050,100.00,0.05000,262
2008,411.900,100.00,0.05000,262
2009,425.250,100.00,0.05000,262
2010,419.900,100.00,0.05000,262
2011,421.250,100.00,0.05000,262
2012,400.000,100.00,0.05000,262
2013,395.500,100.00,0.05000,262
2014,405.850,100.00,0.05000,262
2015,413.150,100.00,0.05000,262
2016,428.200,100.00,0.05000,262
2017,410.450,100.00,0.05000,262
2018,407.000,100.00,0.05000,262
2019,405.650,100.00,0.05000,262
2020,408.650,100.00,0.05000,262
2021,398.900,100.00,0.05000,262
2022,403.050,100.00,0.05000,262
2023,410.600,100.00,0.05000,262
2024,415.250,100.00,0.05000,262
2025,399.800,100.00,0.05000,262
2026,408.950,100.00,0.05000,262
2027,402.650,100.00,0.05000,262
2028,429.600,100.00,0.05000,262
2029,403.000,100.00,0.05000,262
2030,397.050,100.00,0.05000,262
2031,414.200,100.00,0.05000,262
2032,414.550,100.00,0.05000,262
2033,423.950,100.00,0.05000,262
2034,418.300,100.00,0.05000,262
2035,397.200,100.00,0.05000,262
2036,393.100,100.00,0.05000,262
2037,408.250,100.00,0.05000,262
2038,417.650,100.00,0.05000,262
2039,389.400,100.00,0.05000,262
2040,420.650,100.00,0.05000,262
2041,422.000,100.00,0.05000,262
2042,393.250,100.00,0.05000,262
2043,406.150,100.00,0.05000,262
2044,404.050,100.00,0.05000,262
2045,409.300,100.00,0.05000,262
2046,411.600,100.00,0.05000,262
2047,425.650,100.00,0.05000,262
2048,405.550,100.00,0.05000,262
2049,404.350,100.00,0.05000,262
2050,413.300,100.00,0.05000,262
2051,390.850,100.00,0.05000,262
2052,394.800,100.00,0.05000,262
2053,403.700,100.00,0.05000,262
2054,409.350,100.00,0.05000,262
2055,420.000,100.00,0.05000,262
2056,415.150,100.00,0.05000,262
2057,410.250,100.00,0.05000,262
2058,411.950,100.00,0.05000,262
2059,402.150,100.00,0.05000,262
2060,394.600,100.00,0.05000,262
2061,413.450,100.00,0.05000,262
2062,403.000,100.00,0.05000,262
2063,410.850,100.00,0.05000,262
2064,415.100,100.00,0.05000,262
2065,428.350,100.00,0.05000,262
2066,402.850,100.00,0.05000,262
2067,401.750,100.00,0.05000,262
2068,422.250,100.00,0.05000,262
2069,406.850,100.00,0.05000,262
2070,402.050,100.00,0.05000,262
2071,409.650,100.00,0.05000,262
2072,408.450,100.00,0.05000,262
2073,413.850,100.00,0.05000,262
2074,410.200,100.00,0.05000,262
2075,413.250,100.00,0.05000,262
2076,408.900,100.00,0.05000,262
2077,412.450,100.00,0.05000,262
2078,408.000,100.00,0.05000,262
2079,422.450,100.00,0.05000,262
2080,405.000,100.00,0.05000,262
2081,413.550,100.00,0.05000,262
2082,418.100,100.00,0.05000,262
2083,414.750,100.00,0.05000,262
2084,406.450,100.00,0.05000,262
2085,384.200,100.00,0.05000,262
2086,416.550,100.00,0.05000,262
2087,408.850,100.00,0.05000,262
2088,394.400,100.00,0.05000,262
2089,399.950,100.00,0.05000,262
2090,404.550,100.00,0.05000,262
2091,389.400,100.00,0.05000,262
2092,398.050,100.00,0.05000,262
2093,395.950,100.00,0.05000,262
2094,419.800,100.00,0.05000,262
2095,406.050,100.00,0.05000,262
2096,416.800,100.00,0.05000,262
2097,403.400,100.00,0.05000,262
2098,412.850,100.00,0.05000,262
2099,393.750,100.00,0.05000,262
2100,423.650,100.00,0.05000,262
2101,394.750,100.00,0.05000,262
2102,410.000,100.00,0.05000,262
2103,410.950,100.00,0.05000,262
2104,410.400,100.00,0.05000,262
2105,387.550,100.00,0.05000,262
2106,402.150,100.00,0.05000,262
2107,415.850,100.00,0.05000,262
2108,416.300,100.00,0.05000,262
2109,409.550,100.00,0.05000,262
2110,418.050,100.00,0.05000,262
2111,402.650,100.00,0.05000,262
2112,410.500,100.00,0.05000,262
2113,411.200,100.00,0.05000,262
2114,410.650,100.00,0.05000,262
2115,418.700,100.00,0.05000,262
2116,411.950,100.00,0.05000,262
2117,412.450,100.00,0.05000,262
2118,408.200,100.00,0.05000,262
2119,402.000,100.00,0.05000,262
2120,412.600,100.00,0.05000,262
2121,413.750,100.00,0.05000,262
2122,409.750,100.00,0.05000,262
2123,409.450,100.00,0.05000,262
2124,410.900,100.00,0.05000,262
2125,415.950,100.00,0.05000,262
2126,412.550,100.00,0.05000,262
2127,378.850,100.00,0.05000,262
2128,406.750,100.00,0.05000,262
2129,391.500,100.00,0.05000,262
2130,410.650,100.00,0.05000,262
2131,395.750,100.00,0.05000,262
2132,403.350,100.00,0.05000,262
2133,411.750,100.00,0.05000,262
2134,418.900,100.00,0.05000,262
2135,414.050,100.00,0.05000,262
2136,395.750,100.00,0.05000,262
2137,404.850,100.00,0.05000,262
2138,406.000,100.00,0.05000,262
2139,403.550,100.00,0.05000,262
2140,415.450,100.00,0.05000,262
2141,406.500,100.00,0.05000,262
2142,412.800,100.00,0.05000,262
2143,410.950,100.00,0.05000,262
2144,410.150,100.00,0.05000,262
2145,402.200,100.00,0.05000,262
2146,404.950,100.00,0.05000,262
2147,389.550,100.00,0.05000,262
2148,393.550,100.00,0.05000,262
2149,417.350,100.00,0.05000,262
2150,412.800,100.00,0.05000,262
2151,409.200,100.00,0.05000,262
2152,429.500,100.00,0.05000,262
2153,390.600,100.00,0.05000,262
2154,414.650,100.00,0.05000,262
2155,409.400,100.00,0.05000,262
2156,400.400,100.00,0.05000,262
2157,403.550,100.00,0.05000,262
2158,415.300,100.00,0.05000,262
2159,404.600,100.00,0.05000,262
2160,396.800,100.00,0.05000,262
2161,414.750,100.00,0.05000,262
2162,417.050,100.00,0.05000,262
2163,404.100,100.00,0.05000,262
2164,411.450,100.00,0.05000,262
2165,404.900,100.00,0.05000,262
2166,425.000,100.00,0.05000,262
2167,409.700,100.00,0.05000,262
2168,402.750,100.00,0.05000,262
2169,409.250,100.00,0.05000,262
2170,395.950,100.00,0.05000,262
2171,405.200,100.00,0.05000,262
2172,403.050,100.00,0.05000,262
2173,405.250,100.00,0.05000,263
2174,414.600,100.00,0.05000,263
2175,409.700,100.00,0.05000,263
2176,395.600,100.00,0.05000,263
2177,407.950,100.00,0.05000,263
2178,398.400,100.00,0.05000,263
2179,416.150,100.00,0.05000,263
2180,403.000,100.00,0.05000,263
2181,399.200,100.00,0.05000,263
2182,419.850,100.00,0.05000,263
2183,420.400,100.00,0.05000,263
2184,423.700,100.00,0.05000,263
2185,404.500,100.00,0.05000,263
2186,405.600,100.00,0.05000,263
2187,421.000,100.00,0.05000,263
2188,410.250,100.00,0.05000,263
2189,392.000,100.00,0.05000,263
2190,408.350,100.00,0.05000,263
2191,398.050,100.00,0.05000,263
2192,392.850,100.00,0.05000,263
2193,421.150,100.00,0.05000,263
2194,403.650,100.00,0.05000,263
2195,414.050,100.00,0.05000,263
2196,420.750,100.00,0.05000,263
2197,409.150,100.00,0.05000,263
2198,408.300,100.00,0.05000,263
2199,398.500,100.00,0.05000,263
2200,418.200,100.00,0.05000,263
2201,424.800,100.00,0.05000,263
2202,402.150,100.00,0.05000,263
2203,400.500,100.00,0.05000,263
2204,405.700,100.00,0.05000,263
2205,402.200,100.00,0.05000,263
2206,410.500,100.00,0.05000,263
2207,404.400,100.00,0.05000,263
2208,396.400,100.00,0.05000,263
2209,404.500,100.00,0.05000,263
2210,408.400,100.00,0.05000,263
2211,413.200,100.00,0.05000,263
2212,421.300,100.00,0.05000,263
2213,395.700,100.00,0.05000,263
2214,393.250,100.00,0.05000,263
2215,406.450,100.00,0.05000,263
2216,402.600,100.00,0.05000,263
2217,408.750,100.00,0.05000,263
2218,399.650,100.00,0.05000,263
2219,406.200,100.00,0.05000,263
2220,412.150,100.00,0.05000,263
2221,411.650,100.00,0.05000,263
2222,394.450,100.00,0.05000,263
2223,407.200,100.00,0.05000,263
2224,415.150,100.00,0.05000,263
2225,412.250,100.00,0.05000,263
2226,396.350,100.00,0.05000,263
2227,394.400,100.00,0.05000,263
2228,397.850,100.00,0.05000,263
2229,410.600,100.00,0.05000,263
2230,419.500,100.00,0.05000,263
2231,411.150,100.00,0.05000,263
2232,403.650,100.00,0.05000,263
2233,407.300,100.00,0.05000,263
2234,414.700,100.00,0.05000,263
2235,417.600,100.00,0.05000,263
2236,398.100,100.00,0.05000,263
2237,410.650,100.00,0.05000,263
2238,415.450,100.00,0.05000,263
2239,414.250,100.00,0.05000,263
2240,405.000,100.00,0.05000,263
2241,405.550,100.00,0.05000,263
2242,395.300,100.00,0.05000,263
2243,393.250,100.00,0.05000,263
2244,401.300,100.00,0.05000,263
2245,417.200,100.00,0.05000,263
2246,420.400,100.00,0.05000,263
2247,412.000,100.00,0.05000,263
2248,412.900,100.00,0.05000,263
2249,425.350,100.00,0.05000,263
2250,424.150,100.00,0.05000,263
2251,402.950,100.00,0.05000,263
2252,407.450,100.00,0.05000,263
2253,395.500,100.00,0.05000,263
2254,402.500,100.00,0.05000,263
2255,410.950,100.00,0.05000,263
2256,405.450,100.00,0.05000,263
2257,381.150,100.00,0.05000,263
2258,404.450,100.00,0.05000,263
2259,413.850,100.00,0.05000,263
2260,420.900,100.00,0.05000,263
2261,398.450,100.00,0.05000,263
2262,421.650,100.00,0.05000,263
2263,407.200,100.00,0.05000,263
2264,420.200,100.00,0.05000,263
2265,416.700,100.00,0.05000,263
2266,409.850,100.00,0.05000,263
2267,410.100,100.00,0.05000,263
2268,415.350,100.00,0.05000,263
2269,424.550,100.00,0.05000,263
2270,409.750,100.00,0.05000,263
2271,410.150,100.00,0.05000,263
2272,411.200,100.00,0.05000,263
2273,413.800,100.00,0.05000,263
2274,400.800,100.00,0.05000,263
2275,410.250,100.00,0.05000,263
2276,407.700,100.00,0.05000,263
2277,408.200,100.00,0.05000,263
2278,423.650,100.00,0.05000,263
2279,404.500,100.00,0.05000,263
2280,404.400,100.00,0.05000,263
2281,387.250,100.00,0.05000,263
2282,394.450,100.00,0.05000,263
2283,408.000,100.00,0.05000,263
2284,409.350,100.00,0.05000,263
2285,405.150,100.00,0.05000,263
2286,387.400,100.00,0.05000,263
2287,397.750,100.00,0.05000,263
2288,404.300,100.00,0.05000,263
2289,411.650,100.00,0.05000,263
2290,410.450,100.00,0.05000,263
2291,409.200,100.00,0.05000,263
2292,412.950,100.00,0.05000,263
2293,408.100,100.00,0.05000,263
2294,415.800,100.00,0.05000,263
2295,401.850,100.00,0.05000,263
2296,407.800,100.00,0.05000,263
2297,410.800,100.00,0.05000,263
2298,407.500,100.00,0.05000,263
2299,406.950,100.00,0.05000,263
2300,410.300,100.00,0.05000,263
2301,408.500,100.00,0.05000,263
2302,404.650,100.00,0.05000,263
2303,398.700,100.00,0.05000,263
2304,420.000,100.00,0.05000,263
2305,425.750,100.00,0.05000,263
2306,398.900,100.00,0.05000,263
2307,419.250,100.00,0.05000,263
2308,394.150,100.00,0.05000,263
2309,409.950,100.00,0.05000,263
2310,404.650,100.00,0.05000,263
2311,398.200,100.00,0.05000,263
2312,415.450,100.00,0.05000,263
2313,413.050,100.00,0.05000,263
2314,406.100,100.00,0.05000,263
2315,401.450,100.00,0.05000,263
2316,417.900,100.00,0.05000,263
2317,427.150,100.00,0.05000,263
2318,393.900,100.00,0.05000,263
2319,412.350,100.00,0.05000,263
2320,405.600,100.00,0.05000,263
2321,417.600,100.00,0.05000,263
2322,402.550,100.00,0.05000,263
2323,410.100,100.00,0.05000,263
2324,414.050,100.00,0.05000,263
2325,418.250,100.00,0.05000,263
2326,408.900,100.00,0.05000,263
2327,405.750,100.00,0.05000,263
2328,402.450,100.00,0.05000,263
2329,404.250,100.00,0.05000,263
2330,413.500,100.00,0.05000,263
2331,388.400,100.00,0.05000,263
2332,428.350,100.00,0.05000,263
2333,413.250,100.00,0.05000,263
2334,380.250,100.00,0.05000,263
2335,405.350,100.00,0.05000,263
2336,394.100,100.00,0.05000,263
2337,395.900,100.00,0.05000,263
2338,412.550,100.00,0.05000,263
2339,414.400,100.00,0.05000,263
2340,405.750,100.00,0.05000,263
2341,412.100,100.00,0.05000,263
2342,411.100,100.00,0.05000,263
2343,410.850,100.00,0.05000,263
2344,399.050,100.00,0.05000,263
2345,395.600,100.00,0.05000,263
2346,399.700,100.00,0.05000,263
2347,407.400,100.00,0.05000,263
2348,399.150,100.00,0.05000,263
2349,406.850,100.00,0.05000,263
2350,412.550,100.00,0.05000,263
2351,398.950,100.00,0.05000,263
2352,407.250,100.00,0.05000,263
2353,380.900,100.00,0.05000,263
2354,417.750,100.00,0.05000,263
2355,406.000,100.00,0.05000,263
2356,406.050,100.00,0.05000,263
2357,406.750,100.00,0.05000,263
2358,400.100,100.00,0.05000,263
2359,399.850,100.00,0.05000,263
2360,415.400,100.00,0.05000,263
2361,398.950,100.00,0.05000,263
2362,411.200,100.00,0.05000,263
2363,414.300,100.00,0.05000,263
2364,422.350,100.00,0.05000,263
2365,392.800,100.00,0.05000,263
2366,393.100,100.00,0.05000,263
2367,407.250,100.00,0.05000,263
2368,418.750,100.00,0.05000,263
2369,397.650,100.00,0.05000,263
2370,411.700,100.00,0.05000,263
2371,410.300,100.00,0.05000,263
2372,424.900,100.00,0.05000,263
2373,406.300,100.00,0.05000,263
2374,419.100,100.00,0.05000,263
2375,404.100,100.00,0.05000,263
2376,418.450,100.00,0.05000,263
2377,421.600,100.00,0.05000,263
2378,402.750,100.00,0.05000,263
2379,420.300,100.00,0.05000,263
2380,400.600,100.00,0.05000,263
2381,429.000,100.00,0.05000,263
2382,429.950,100.00,0.05000,263
2383,405.950,100.00,0.05000,263
2384,411.050,100.00,0.05000,263
2385,417.900,100.00,0.05000,263
2386,412.950,100.00,0.05000,263
2387,417.350,100.00,0.05000,263
2388,412.850,100.00,0.05000,263
2389,424.400,100.00,0.05000,263
2390,416.550,100.00,0.05000,263
2391,423.550,100.00,0.05000,263
2392,420.100,100.00,0.05000,263
2393,389.600,100.00,0.05000,263
2394,412.400,100.00,0.05000,263
2395,406.550,100.00,0.05000,263
2396,412.900,100.00,0.05000,263
2397,407.450,100.00,0.05000,263
2398,395.650,100.00,0.05000,263
2399,388.850,100.00,0.05000,263
2400,407.600,100.00,0.05000,263
2401,412.150,100.00,0.05000,263
2402,391.750,100.00,0.05000,263
2403,406.800,100.00,0.05000,263
2404,400.500,100.00,0.05000,263
2405,418.350,100.00,0.05000,263
2406,411.550,100.00,0.05000,263
2407,415.450,100.00,0.05000,263
2408,408.200,100.00,0.05000,263
2409,413.900,100.00,0.05000,263
2410,387.350,100.00,0.05000,263
2411,416.850,100.00,0.05000,263
2412,398.050,100.00,0.05000,263
2413,417.650,100.00,0.05000,263
2414,419.800,100.00,0.05000,263
2415,422.250,100.00,0.05000,263
2416,410.750,100.00,0.05000,263
2417,412.550,100.00,0.05000,263
2418,401.200,100.00,0.05000,263
2419,418.050,100.00,0.05000,263
2420,415.850,100.00,0.05000,263
2421,420.250,100.00,0.05000,263
2422,403.650,100.00,0.05000,263
2423,411.250,100.00,0.05000,263
2424,409.200,100.00,0.05000,263
2425,394.450,100.00,0.05000,263
2426,411.750,100.00,0.05000,263
2427,404.650,100.00,0.05000,263
2428,408.100,100.00,0.05000,263
2429,415.450,100.00,0.05000,263
2430,417.300,100.00,0.05000,263
2431,418.350,100.00,0.05000,263
2432,415.150,100.00,0.05000,263
2433,412.400,100.00,0.05000,263
2434,422.650,100.00,0.05000,263
2435,412.000,100.00,0.05000,263
2436,409.900,100.00,0.05000,263
2437,413.100,100.00,0.05000,263
2438,412.150,100.00,0.05000,263
2439,408.950,100.00,0.05000,263
2440,424.000,100.00,0.05000,263
2441,419.800,100.00,0.05000,263
2442,408.750,100.00,0.05000,263
2443,420.700,100.00,0.05000,263
2444,406.200,100.00,0.05000,263
2445,399.550,100.00,0.05000,263
2446,411.800,100.00,0.05000,263
2447,415.700,100.00,0.05000,263
2448,402.900,100.00,0.05000,263
2449,418.000,100.00,0.05000,263
2450,406.500,100.00,0.05000,263
2451,392.450,100.00,0.05000,263
2452,418.100,100.00,0.05000,263
2453,409.200,100.00,0.05000,263
2454,397.050,100.00,0.05000,263
2455,403.000,100.00,0.05000,263
2456,415.850,100.00,0.05000,263
2457,422.600,100.00,0.05000,263
2458,409.650,100.00,0.05000,263
2459,401.950,100.00,0.05000,263
2460,414.850,100.00,0.05000,263
2461,399.650,100.00,0.05000,263
2462,403.000,100.00,0.05000,263
2463,391.300,100.00,0.05000,263
2464,391.450,100.00,0.05000,263
2465,403.500,100.00,0.05000,263
2466,406.950,100.00,0.05000,263
2467,408.850,100.00,0.05000,263
2468,402.850,100.00,0.05000,263
2469,403.100,100.00,0.05000,263
2470,400.400,100.00,0.05000,263
2471,404.300,100.00,0.05000,263
2472,405.950,100.00,0.05000,263
2473,404.900,100.00,0.05000,263
2474,406.450,100.00,0.05000,263
2475,417.250,100.00,0.05000,263
2476,401.350,100.00,0.05000,263
2477,414.550,100.00,0.05000,263
2478,405.650,100.00,0.05000,263
2479,416.000,100.00,0.05000,263
2480,420.500,100.00,0.05000,263
2481,400.600,100.00,0.05000,263
2482,404.450,100.00,0.05000,263
2483,408.000,100.00,0.05000,263
2484,410.800,100.00,0.05000,263
2485,412.350,100.00,0.05000,263
2486,396.150,100.00,0.05000,263
2487,411.500,100.00,0.05000,263
2488,422.250,100.00,0.05000,263
2489,406.050,100.00,0.05000,263
2490,401.500,100.00,0.05000,263
2491,415.600,100.00,0.05000,263
2492,422.050,100.00,0.05000,263
2493,416.000,100.00,0.05000,263
2494,415.500,100.00,0.05000,263
2495,423.000,100.00,0.05000,263
2496,406.150,100.00,0.05000,263
2497,415.000,100.00,0.05000,263
2498,411.250,100.00,0.05000,263
2499,402.050,100.00,0.05000,263
2500,413.350,100.00,0.05000,263
2501,423.100,100.00,0.05000,263
2502,408.350,100.00,0.05000,263
2503,406.650,100.00,0.05000,263
2504,426.900,100.00,0.05000,263
2505,417.900,100.00,0.05000,263
2506,415.100,100.00,0.05000,263
2507,397.750,100.00,0.05000,263
2508,405.700,100.00,0.05000,263
2509,412.200,100.00,0.05000,263
2510,387.900,100.00,0.05000,263
2511,395.400,100.00,0.05000,263
2512,392.350,100.00,0.05000,263
2513,409.250,100.00,0.05000,263
2514,402.300,100.00,0.05000,263
2515,408.950,100.00,0.05000,263
2516,408.600,100.00,0.05000,263
2517,406.500,100.00,0.05000,263
2518,415.250,100.00,0.05000,263
2519,388.150,100.00,0.05000,263
2520,404.450,100.00,0.05000,263
2521,396.800,100.00,0.05000,263
2522,410.250,100.00,0.05000,263
2523,406.500,100.00,0.05000,263
2524,418.900,100.00,0.05000,263
2525,420.400,100.00,0.05000,263
2526,395.250,100.00,0.05000,263
2527,409.000,100.00,0.05000,263
2528,392.500,100.00,0.05000,263
2529,406.750,100.00,0.05000,263
2530,411.100,100.00,0.05000,263
2531,424.650,100.00,0.05000,263
2532,402.200,100.00,0.05000,263
2533,407.900,100.00,0.05000,263
2534,394.600,100.00,0.05000,263
2535,417.150,100.00,0.05000,263
2536,413.500,100.00,0.05000,263
2537,422.300,100.00,0.05000,263
2538,410.550,100.00,0.05000,263
2539,400.700,100.00,0.05000,263
2540,412.550,100.00,0.05000,263
2541,407.200,100.00,0.05000,263
2542,407.700,100.00,0.05000,263
2543,406.550,100.00,0.05000,263
2544,413.750,100.00,0.05000,263
2545,403.850,100.00,0.05000,263
2546,382.050,100.00,0.05000,263
2547,410.950,100.00,0.05000,263
2548,410.600,100.00,0.05000,263
2549,423.400,100.00,0.05000,263
2550,416.550,100.00,0.05000,263
2551,393.050,100.00,0.05000,263
2552,413.450,100.00,0.05000,263
2553,391.250,100.00,0.05000,263
2554,409.400,100.00,0.05000,263
2555,410.500,100.00,0.05000,263
2556,417.150,100.00,0.05000,263
2557,408.650,100.00,0.05000,263
2558,411.400,100.00,0.05000,263
2559,407.500,100.00,0.05000,263
2560,412.800,100.00,0.05000,263
2561,395.850,100.00,0.05000,263
2562,410.350,100.00,0.05000,263
2563,407.400,100.00,0.05000,263
2564,402.200,100.00,0.05000,263
2565,406.100,100.00,0.05000,263
2566,410.300,100.00,0.05000,263
2567,412.300,100.00,0.05000,263
2568,413.600,100.00,0.05000,263
2569,414.650,100.00,0.05000,263
2570,408.800,100.00,0.05000,263
2571,412.750,100.00,0.05000,263
2572,413.100,100.00,0.05000,263
2573,419.500,100.00,0.05000,263
2574,400.650,100.00,0.05000,263
2575,411.500,100.00,0.05000,263
2576,389.900,100.00,0.05000,263
2577,400.150,100.00,0.05000,263
2578,411.700,100.00,0.05000,263
2579,401.800,100.00,0.05000,263
2580,411.200,100.00,0.05000,263
2581,408.900,100.00,0.05000,263
2582,404.450,100.00,0.05000,263
2583,399.750,100.00,0.05000,263
2584,387.900,100.00,0.05000,263
2585,417.700,100.00,0.05000,263
2586,407.750,100.00,0.05000,263
2587,404.100,100.00,0.05000,263
2588,393.050,100.00,0.05000,263
2589,405.600,100.00,0.05000,263
2590,420.400,100.00,0.05000,263
2591,415.650,100.00,0.05000,263
2592,399.500,100.00,0.05000,263
2593,411.850,100.00,0.05000,263
2594,398.400,100.00,0.05000,263
2595,404.600,100.00,0.05000,263
2596,399.350,100.00,0.05000,263
2597,410.300,100.00,0.05000,263
2598,411.350,100.00,0.05000,263
2599,384.350,100.00,0.05000,263
2600,425.000,100.00,0.05000,263
2601,411.250,100.00,0.05000,263
2602,410.450,100.00,0.05000,263
2603,411.450,100.00,0.05000,263
2604,409.500,100.00,0.05000,263
2605,382.550,100.00,0.05000,263
2606,410.550,100.00,0.05000,263
2607,406.700,100.00,0.05000,263
2608,415.850,100.00,0.05000,263
2609,408.550,100.00,0.05000,263
2610,399.500,100.00,0.05000,263
2611,392.550,100.00,0.05000,263
2612,403.850,100.00,0.05000,263
2613,412.950,100.00,0.05000,263
2614,409.300,100.00,0.05000,263
2615,406.950,100.00,0.05000,263
2616,397.000,100.00,0.05000,263
2617,413.700,100.00,0.05000,263
2618,418.250,100.00,0.05000,263
2619,414.250,100.00,0.05000,263
2620,417.750,100.00,0.05000,263
2621,411.750,100.00,0.05000,263
2622,413.900,100.00,0.05000,263
2623,396.200,100.00,0.05000,263
2624,409.050,100.00,0.05000,263
2625,423.600,100.00,0.05000,263
2626,409.950,100.00,0.05000,263
2627,398.300,100.00,0.05000,263
2628,398.050,100.00,0.05000,263
2629,417.850,100.00,0.05000,263
2630,406.300,100.00,0.05000,263
2631,407.350,100.00,0.05000,263
2632,413.200,100.00,0.05000,263
2633,392.450,100.00,0.05000,263
2634,410.800,100.00,0.05000,263
2635,428.250,100.00,0.05000,263
2636,424.350,100.00,0.05000,263
2637,388.800,100.00,0.05000,263
2638,421.250,100.00,0.05000,263
2639,410.000,100.00,0.05000,263
2640,412.150,100.00,0.05000,263
2641,410.800,100.00,0.05000,263
2642,420.350,100.00,0.05000,263
2643,420.850,100.00,0.05000,263
2644,405.650,100.00,0.05000,263
2645,408.700,100.00,0.05000,263
2646,426.450,100.00,0.05000,263
2647,413.800,100.00,0.05000,263
2648,423.100,100.00,0.05000,263
2649,384.200,100.00,0.05000,263
2650,422.700,100.00,0.05000,263
2651,400.350,100.00,0.05000,263
2652,393.350,100.00,0.05000,263
2653,414.500,100.00,0.05000,263
2654,407.850,100.00,0.05000,263
2655,398.750,100.00,0.05000,263
2656,400.200,100.00,0.05000,263
2657,415.750,100.00,0.05000,263
2658,392.150,100.00,0.05000,263
2659,417.350,100.00,0.05000,263
2660,402.750,100.00,0.05000,263
2661,411.000,100.00,0.05000,263
2662,412.100,100.00,0.05000,263
2663,401.800,100.00,0.05000,263
2664,409.450,100.00,0.05000,263
2665,398.800,100.00,0.05000,263
2666,416.950,100.00,0.05000,263
2667,412.500,100.00,0.05000,263
2668,412.800,100.00,0.05000,263
2669,403.850,100.00,0.05000,263
2670,407.650,100.00,0.05000,263
2671,415.550,100.00,0.05000,263
2672,390.750,100.00,0.05000,263
2673,414.850,100.00,0.05000,263
2674,409.200,100.00,0.05000,263
2675,416.750,100.00,0.05000,263
2676,402.900,100.00,0.05000,263
2677,399.950,100.00,0.05000,263
2678,395.050,100.00,0.05000,263
2679,407.350,100.00,0.05000,263
2680,405.900,100.00,0.05000,263
2681,411.550,100.00,0.05000,263
2682,419.300,100.00,0.05000,263
2683,409.500,100.00,0.05000,263
2684,405.400,100.00,0.05000,263
2685,413.150,100.00,0.05000,263
2686,413.350,100.00,0.05000,263
2687,414.850,100.00,0.05000,263
2688,410.000,100.00,0.05000,263
2689,407.000,100.00,0.05000,263
2690,409.300,100.00,0.05000,263
2691,414.350,100.00,0.05000,263
2692,417.350,100.00,0.05000,263
2693,424.100,100.00,0.05000,263
2694,395.550,100.00,0.05000,263
2695,398.850,100.00,0.05000,263
2696,405.250,100.00,0.05000,263
2697,394.400,100.00,0.05000,263
2698,405.750,100.00,0.05000,263
2699,405.200,100.00,0.05000,263
2700,426.700,100.00,0.05000,263
2701,430.350,100.00,0.05000,263
2702,409.800,100.00,0.05000,263
2703,405.850,100.00,0.05000,263
2704,421.000,100.00,0.05000,263
2705,423.800,100.00,0.05000,263
2706,400.800,100.00,0.05000,263
2707,400.050,100.00,0.05000,263
2708,399.750,100.00,0.05000,263
2709,416.100,100.00,0.05000,263
2710,414.050,100.00,0.05000,263
2711,408.000,100.00,0.05000,263
2712,407.750,100.00,0.05000,263
2713,398.550,100.00,0.05000,263
2714,398.300,100.00,0.05000,263
2715,407.200,100.00,0.05000,263
2716,413.700,100.00,0.05000,263
2717,383.300,100.00,0.05000,263
2718,404.800,100.00,0.05000,263
2719,407.500,100.00,0.05000,263
2720,418.500,100.00,0.05000,263
2721,401.550,100.00,0.05000,263
2722,414.400,100.00,0.05000,263
2723,401.400,100.00,0.05000,263
2724,419.700,100.00,0.05000,263
2725,403.550,100.00,0.05000,263
2726,407.600,100.00,0.05000,263
2727,404.600,100.00,0.05000,263
2728,420.550,100.00,0.05000,263
2729,410.750,100.00,0.05000,263
2730,425.550,100.00,0.05000,263
2731,414.050,100.00,0.05000,263
2732,404.000,100.00,0.05000,263
2733,410.050,100.00,0.05000,263
2734,395.900,100.00,0.05000,263
2735,408.650,100.00,0.05000,263
2736,395.250,100.00,0.05000,263
2737,413.750,100.00,0.05000,263
2738,421.550,100.00,0.05000,263
2739,406.150,100.00,0.05000,263
2740,405.650,100.00,0.05000,263
2741,411.750,100.00,0.05000,263
2742,407.150,100.00,0.05000,263
2743,409.250,100.00,0.05000,263
2744,401.550,100.00,0.05000,263
2745,410.050,100.00,0.05000,263
2746,399.700,100.00,0.05000,263
2747,403.900,100.00,0.05000,263
2748,391.050,100.00,0.05000,263
2749,398.250,100.00,0.05000,263
2750,403.750,100.00,0.05000,263
2751,405.700,100.00,0.05000,263
2752,407.850,100.00,0.05000,263
2753,418.800,100.00,0.05000,263
2754,407.950,100.00,0.05000,263
2755,410.450,100.00,0.05000,263
2756,411.200,100.00,0.05000,263
2757,411.250,100.00,0.05000,263
2758,409.750,100.00,0.05000,263
2759,409.500,100.00,0.05000,263
2760,422.850,100.00,0.05000,263
2761,400.750,100.00,0.05000,263
2762,414.050,100.00,0.05000,263
2763,410.900,100.00,0.05000,263
2764,403.500,100.00,0.05000,263
2765,408.750,100.00,0.05000,263
2766,416.800,100.00,0.05000,263
2767,403.150,100.00,0.05000,263
2768,413.500,100.00,0.05000,263
2769,419.450,100.00,0.05000,263
2770,407.650,100.00,0.05000,263
2771,421.050,100.00,0.05000,263
2772,402.350,100.00,0.05000,263
2773,400.950,100.00,0.05000,263
2774,414.300,100.00,0.05000,263
2775,405.950,100.00,0.05000,263
2776,391.900,100.00,0.05000,263
2777,397.600,100.00,0.05000,263
2778,412.900,100.00,0.05000,263
2779,380.150,100.00,0.05000,263
2780,415.500,100.00,0.05000,263
2781,409.750,100.00,0.05000,263
2782,415.900,100.00,0.05000,263
2783,413.000,100.00,0.05000,263
2784,428.200,100.00,0.05000,263
2785,415.800,100.00,0.05000,263
2786,420.250,100.00,0.05000,263
2787,410.250,100.00,0.05000,263
2788,413.500,100.00,0.05000,263
2789,425.500,100.00,0.05000,263
2790,415.050,100.00,0.05000,263
2791,403.600,100.00,0.05000,263
2792,415.700,100.00,0.05000,263
2793,407.400,100.00,0.05000,263
2794,391.200,100.00,0.05000,263
2795,396.500,100.00,0.05000,263
2796,402.100,100.00,0.05000,263
2797,409.300,100.00,0.05000,263
2798,407.200,100.00,0.05000,263
2799,396.150,100.00,0.05000,263
2800,401.900,100.00,0.05000,263
2801,410.950,100.00,0.05000,263
2802,398.250,100.00,0.05000,263
2803,397.600,100.00,0.05000,263
2804,413.000,100.00,0.05000,263
2805,409.150,100.00,0.05000,263
2806,414.300,100.00,0.05000,263
2807,393.900,100.00,0.05000,263
2808,416.000,100.00,0.05000,263
2809,413.900,100.00,0.05000,263
2810,413.500,100.00,0.05000,263
2811,409.700,100.00,0.05000,263
2812,408.650,100.00,0.05000,263
2813,396.800,100.00,0.05000,263
2814,411.200,100.00,0.05000,263
2815,388.550,100.00,0.05000,263
2816,405.600,100.00,0.05000,263
2817,417.550,100.00,0.05000,263
2818,391.900,100.00,0.05000,263
2819,407.200,100.00,0.05000,263
2820,402.150,100.00,0.05000,263
2821,407.200,100.00,0.05000,263
2822,418.850,100.00,0.05000,263
2823,415.450,100.00,0.05000,263
2824,410.550,100.00,0.05000,263
2825,396.000,100.00,0.05000,263
2826,421.200,100.00,0.05000,263
2827,404.850,100.00,0.05000,263
2828,412.500,100.00,0.05000,263
2829,407.050,100.00,0.05000,263
2830,382.400,100.00,0.05000,263
2831,406.950,100.00,0.05000,263
2832,412.000,100.00,0.05000,263
2833,410.850,100.00,0.05000,263
2834,393.700,100.00,0.05000,263
2835,413.300,100.00,0.05000,263
2836,409.500,100.00,0.05000,263
2837,415.600,100.00,0.05000,263
2838,398.400,100.00,0.05000,263
2839,424.000,100.00,0.05000,263
2840,425.600,100.00,0.05000,263
2841,411.200,100.00,0.05000,263
2842,407.500,100.00,0.05000,263
2843,411.150,100.00,0.05000,263
2844,404.350,100.00,0.05000,263
2845,397.000,100.00,0.05000,263
2846,413.650,100.00,0.05000,263
2847,390.900,100.00,0.05000,263
2848,420.600,100.00,0.05000,263
2849,422.000,100.00,0.05000,263
2850,395.050,100.00,0.05000,263
2851,401.950,100.00,0.05000,263
2852,416.750,100.00,0.05000,263
2853,415.550,100.00,0.05000,263
2854,408.350,100.00,0.05000,263
2855,403.700,100.00,0.05000,263
2856,405.600,100.00,0.05000,263
2857,416.200,100.00,0.05000,263
2858,398.800,100.00,0.05000,263
2859,410.850,100.00,0.05000,263
2860,425.050,100.00,0.05000,263
2861,411.400,100.00,0.05000,263
2862,395.550,100.00,0.05000,263
2863,420.450,100.00,0.05000,263
2864,398.500,100.00,0.05000,263
2865,393.100,100.00,0.05000,263
2866,412.100,100.00,0.05000,263
2867,413.700,100.00,0.05000,263
2868,404.200,100.00,0.05000,263
2869,398.600,100.00,0.05000,263
2870,399.050,100.00,0.05000,263
2871,419.550,100.00,0.05000,263
2872,413.600,100.00,0.05000,263
2873,398.900,100.00,0.05000,263
2874,423.550,100.00,0.05000,263
2875,417.650,100.00,0.05000,263
2876,420.200,100.00,0.05000,263
2877,395.500,100.00,0.05000,263
2878,402.650,100.00,0.05000,263
2879,390.150,100.00,0.05000,263
2880,402.000,100.00,0.05000,263
2881,410.000,100.00,0.05000,263
2882,410.200,100.00,0.05000,263
2883,425.000,100.00,0.05000,263
2884,407.900,100.00,0.05000,263
2885,388.650,100.00,0.05000,263
2886,417.750,100.00,0.05000,263
2887,409.200,100.00,0.05000,263
2888,410.300,100.00,0.05000,263
2889,413.900,100.00,0.05000,263
2890,424.700,100.00,0.05000,263
2891,395.700,100.00,0.05000,263
2892,400.700,100.00,0.05000,263
2893,406.700,100.00,0.05000,263
2894,403.850,100.00,0.05000,263
2895,398.750,100.00,0.05000,263
2896,399.300,100.00,0.05000,263
2897,393.950,100.00,0.05000,263
2898,411.100,100.00,0.05000,263
2899,417.850,100.00,0.05000,263
2900,376.750,100.00,0.05000,263
2901,410.500,100.00,0.05000,263
2902,399.950,100.00,0.05000,263
2903,407.600,100.00,0.05000,263
2904,409.500,100.00,0.05000,263
2905,402.700,100.00,0.05000,263
2906,408.550,100.00,0.05000,263
2907,405.100,100.00,0.05000,263
2908,405.600,100.00,0.05000,263
2909,410.650,100.00,0.05000,263
2910,402.150,100.00,0.05000,263
2911,393.750,100.00,0.05000,263
2912,422.150,100.00,0.05000,263
2913,397.700,100.00,0.05000,263
2914,401.350,100.00,0.05000,263
2915,410.650,100.00,0.05000,263
2916,416.550,100.00,0.05000,263
2917,411.600,100.00,0.05000,263
2918,395.150,100.00,0.05000,263
2919,410.100,100.00,0.05000,263
2920,399.750,100.00,0.05000,263
2921,405.100,100.00,0.05000,263
2922,406.750,100.00,0.05000,263
2923,418.100,100.00,0.05000,263
2924,404.850,100.00,0.05000,263
2925,407.050,100.00,0.05000,263
2926,408.650,100.00,0.05000,263
2927,401.350,100.00,0.05000,263
2928,417.350,100.00,0.05000,263
2929,410.550,100.00,0.05000,263
2930,416.200,100.00,0.05000,263
2931,409.550,100.00,0.05000,263
2932,408.000,100.00,0.05000,263
2933,406.250,100.00,0.05000,263
2934,414.250,100.00,0.05000,263
2935,395.850,100.00,0.05000,263
2936,413.400,100.00,0.05000,263
2937,407.150,100.00,0.05000,263
2938,406.250,100.00,0.05000,263
2939,402.500,100.00,0.05000,263
2940,393.450,100.00,0.05000,263
2941,428.150,100.00,0.05000,263
2942,414.350,100.00,0.05000,263
2943,406.250,100.00,0.05000,263
2944,407.650,100.00,0.05000,263
2945,403.750,100.00,0.05000,263
2946,411.050,100.00,0.05000,263
2947,412.500,100.00,0.05000,263
2948,421.100,100.00,0.05000,263
2949,398.500,100.00,0.05000,263
2950,410.000,100.00,0.05000,263
2951,407.600,100.00,0.05000,263
2952,406.100,100.00,0.05000,263
2953,414.150,100.00,0.05000,263
2954,419.200,100.00,0.05000,263
2955,418.350,100.00,0.05000,263
2956,402.900,100.00,0.05000,263
2957,401.300,100.00,0.05000,263
2958,420.150,100.00,0.05000,263
2959,420.950,100.00,0.05000,263
2960,401.750,100.00,0.05000,263
2961,400.550,100.00,0.05000,263
2962,418.500,100.00,0.05000,263
2963,408.200,100.00,0.05000,263
2964,405.000,100.00,0.05000,263
2965,412.650,100.00,0.05000,263
2966,416.250,100.00,0.05000,263
2967,409.300,100.00,0.05000,263
2968,406.950,100.00,0.05000,263
2969,397.700,100.00,0.05000,263
2970,414.100,100.00,0.05000,263
2971,402.750,100.00,0.05000,263
2972,426.050,100.00,0.05000,263
2973,389.200,100.00,0.05000,263
2974,410.300,100.00,0.05000,263
2975,417.550,100.00,0.05000,263
2976,407.400,100.00,0.05000,263
2977,403.850,100.00,0.05000,263
2978,408.900,100.00,0.05000,263
2979,413.700,100.00,0.05000,263
2980,418.600,100.00,0.05000,263
2981,411.750,100.00,0.05000,263
2982,403.050,100.00,0.05000,263
2983,409.050,100.00,0.05000,263
2984,413.950,100.00,0.05000,263
2985,407.650,100.00,0.05000,263
2986,401.000,100.00,0.05000,263
2987,416.900,100.00,0.05000,263
2988,409.650,100.00,0.05000,263
2989,402.100,100.00,0.05000,263
2990,398.300,100.00,0.05000,263
2991,402.750,100.00,0.05000,263
2992,413.150,100.00,0.05000,263
2993,422.150,100.00,0.05000,263
2994,403.600,100.00,0.05000,263
2995,397.750,100.00,0.05000,263
2996,404.600,100.00,0.05000,263
2997,414.800,100.00,0.05000,263
2998,415.850,100.00,0.05000,263
2999,407.350,100.00,0.05000,263
3000,409.650,100.00,0.05000,263
3001,389.250,100.00,0.05000,263
3002,396.750,100.00,0.05000,263
3003,411.400,100.00,0.05000,263
3004,400.700,100.00,0.05000,263
3005,391.450,100.00,0.05000,263
3006,424.200,100.00,0.05000,263
3007,417.750,100.00,0.05000,263
3008,415.600,100.00,0.05000,263
3009,409.800,100.00,0.05000,263
3010,399.000,100.00,0.05000,263
3011,411.000,100.00,0.05000,263
3012,408.800,100.00,0.05000,263
3013,421.400,100.00,0.05000,263
3014,405.600,100.00,0.05000,263
3015,407.900,100.00,0.05000,263
3016,421.650,100.00,0.05000,263
3017,416.000,100.00,0.05000,263
3018,394.650,100.00,0.05000,263
3019,407.800,100.00,0.05000,263
3020,402.200,100.00,0.05000,263
3021,406.500,100.00,0.05000,263
3022,399.950,100.00,0.05000,263
3023,418.200,100.00,0.05000,263
3024,397.050,100.00,0.05000,263
3025,397.050,100.00,0.05000,263
3026,408.500,100.00,0.05000,263
3027,414.400,100.00,0.05000,263
3028,426.750,100.00,0.05000,263
3029,405.250,100.00,0.05000,263
3030,387.500,100.00,0.05000,263
3031,413.500,100.00,0.05000,263
3032,408.850,100.00,0.05000,263
3033,417.800,100.00,0.05000,263
3034,411.800,100.00,0.05000,263
3035,406.200,100.00,0.05000,263
3036,415.450,100.00,0.05000,263
3037,416.750,100.00,0.05000,263
3038,399.950,100.00,0.05000,263
3039,407.700,100.00,0.05000,263
3040,411.850,100.00,0.05000,263
3041,405.900,100.00,0.05000,263
3042,410.950,100.00,0.05000,263
3043,398.900,100.00,0.05000,263
3044,412.700,100.00,0.05000,263
3045,405.600,100.00,0.05000,263
3046,403.950,100.00,0.05000,263
3047,422.750,100.00,0.05000,263
3048,403.650,100.00,0.05000,263
3049,412.050,100.00,0.05000,263
3050,405.050,100.00,0.05000,263
3051,413.400,100.00,0.05000,263
3052,409.150,100.00,0.05000,263
3053,405.050,100.00,0.05000,263
3054,396.350,100.00,0.05000,263
3055,395.550,100.00,0.05000,263
3056,403.100,100.00,0.05000,263
3057,428.500,100.00,0.05000,263
3058,408.250,100.00,0.05000,263
3059,398.800,100.00,0.05000,263
3060,405.700,100.00,0.05000,263
3061,402.800,100.00,0.05000,263
3062,392.950,100.00,0.05000,263
3063,421.800,100.00,0.05000,263
3064,418.800,100.00,0.05000,263
3065,414.350,100.00,0.05000,263
3066,419.850,100.00,0.05000,263
3067,413.050,100.00,0.05000,263
3068,411.650,100.00,0.05000,263
3069,411.000,100.00,0.05000,263
3070,402.500,100.00,0.05000,263
3071,414.900,100.00,0.05000,263
3072,411.650,100.00,0.05000,263
3073,405.150,100.00,0.05000,263
3074,406.150,100.00,0.05000,263
3075,403.250,100.00,0.05000,263
3076,406.750,100.00,0.05000,263
3077,422.500,100.00,0.05000,263
3078,410.850,100.00,0.05000,263
3079,406.500,100.00,0.05000,263
3080,398.950,100.00,0.05000,263
3081,403.450,100.00,0.05000,263
3082,399.650,100.00,0.05000,263
3083,389.550,100.00,0.05000,263
3084,409.000,100.00,0.05000,263
3085,412.350,100.00,0.05000,263
3086,420.350,100.00,0.05000,263
3087,389.550,100.00,0.05000,263
3088,404.200,100.00,0.05000,263
3089,409.750,100.00,0.05000,263
3090,406.900,100.00,0.05000,263
3091,409.850,100.00,0.05000,263
3092,407.800,100.00,0.05000,263
3093,402.300,100.00,0.05000,263
3094,402.350,100.00,0.05000,263
3095,414.300,100.00,0.05000,263
3096,395.650,100.00,0.05000,263
3097,399.600,100.00,0.05000,263
3098,416.600,100.00,0.05000,263
3099,396.600,100.00,0.05000,263
3100,427.200,100.00,0.05000,263
3101,414.450,100.00,0.05000,263
3102,410.550,100.00,0.05000,263
3103,409.550,100.00,0.05000,263
3104,403.450,100.00,0.05000,263
3105,403.850,100.00,0.05000,263
3106,394.100,100.00,0.05000,263
3107,412.150,100.00,0.05000,263
3108,420.050,100.00,0.05000,263
3109,405.250,100.00,0.05000,263
3110,400.000,100.00,0.05000,263
3111,411.250,100.00,0.05000,263
3112,391.350,100.00,0.05000,263
3113,415.600,100.00,0.05000,263
3114,411.300,100.00,0.05000,263
3115,396.900,100.00,0.05000,263
3116,406.600,100.00,0.05000,263
3117,414.900,100.00,0.05000,263
3118,403.850,100.00,0.05000,263
3119,397.900,100.00,0.05000,263
3120,414.300,100.00,0.05000,263
3121,402.900,100.00,0.05000,263
3122,400.850,100.00,0.05000,263
3123,398.450,100.00,0.05000,263
3124,393.700,100.00,0.05000,263
3125,413.500,100.00,0.05000,263
3126,416.500,100.00,0.05000,263
3127,404.300,100.00,0.05000,263
3128,392.900,100.00,0.05000,263
3129,403.500,100.00,0.05000,263
3130,423.200,100.00,0.05000,263
3131,410.300,100.00,0.05000,263
3132,412.600,100.00,0.05000,263
3133,399.950,100.00,0.05000,263
3134,413.100,100.00,0.05000,263
3135,417.400,100.00,0.05000,263
3136,406.700,100.00,0.05000,263
3137,407.250,100.00,0.05000,263
3138,406.100,100.00,0.05000,263
3139,416.200,100.00,0.05000,263
3140,418.700,100.00,0.05000,263
3141,397.300,100.00,0.05000,263
3142,404.800,100.00,0.05000,263
3143,405.200,100.00,0.05000,263
3144,398.750,100.00,0.05000,263
3145,413.550,100.00,0.05000,263
3146,403.350,100.00,0.05000,263
3147,415.750,100.00,0.05000,263
3148,407.700,100.00,0.05000,263
3149,412.150,100.00,0.05000,263
3150,420.950,100.00,0.05000,263
3151,408.850,100.00,0.05000,263
3152,396.600,100.00,0.05000,263
3153,401.250,100.00,0.05000,263
3154,406.000,100.00,0.05000,263
3155,412.450,100.00,0.05000,263
3156,401.650,100.00,0.05000,263
3157,402.850,100.00,0.05000,263
3158,408.700,100.00,0.05000,263
3159,411.750,100.00,0.05000,263
3160,410.200,100.00,0.05000,263
3161,409.900,100.00,0.05000,263
3162,403.350,100.00,0.05000,263
3163,421.900,100.00,0.05000,263
3164,423.050,100.00,0.05000,263
3165,411.550,100.00,0.05000,263
3166,390.900,100.00,0.05000,263
3167,424.650,100.00,0.05000,263
3168,391.200,100.00,0.05000,263
3169,411.300,100.00,0.05000,263
3170,416.850,100.00,0.05000,263
3171,393.950,100.00,0.05000,263
3172,403.050,100.00,0.05000,263
3173,408.100,100.00,0.05000,263
3174,412.400,100.00,0.05000,263
3175,403.650,100.00,0.05000,263
3176,427.400,100.00,0.05000,263
3177,402.850,100.00,0.05000,263
3178,407.700,100.00,0.05000,263
3179,414.600,100.00,0.05000,263
3180,416.300,100.00,0.05000,263
3181,398.000,100.00,0.05000,263
3182,407.800,100.00,0.05000,263
3183,412.150,100.00,0.05000,263
3184,409.150,100.00,0.05000,263
3185,420.100,100.00,0.05000,263
3186,407.200,100.00,0.05000,263
3187,417.800,100.00,0.05000,263
3188,397.650,100.00,0.05000,263
3189,419.400,100.00,0.05000,263
3190,413.850,100.00,0.05000,263
3191,396.050,100.00,0.05000,263
3192,413.550,100.00,0.05000,263
3193,400.950,100.00,0.05000,263
3194,398.650,100.00,0.05000,263
3195,420.200,100.00,0.05000,263
3196,431.150,100.00,0.05000,263
3197,414.300,100.00,0.05000,263
3198,406.350,100.00,0.05000,263
3199,412.600,100.00,0.05000,263
3200,410.350,100.00,0.05000,263
3201,375.750,100.00,0.05000,263
3202,412.200,100.00,0.05000,263
3203,395.250,100.00,0.05000,263
3204,411.900,100.00,0.05000,263
3205,412.150,100.00,0.05000,263
3206,403.700,100.00,0.05000,263
3207,407.150,100.00,0.05000,263
3208,413.250,100.00,0.05000,263
3209,411.750,100.00,0.05000,263
3210,400.800,100.00,0.05000,263
3211,411.900,100.00,0.05000,263
3212,402.250,100.00,0.05000,263
3213,403.550,100.00,0.05000,263
3214,385.050,100.00,0.05000,263
3215,410.900,100.00,0.05000,263
3216,395.000,100.00,0.05000,263
3217,403.900,100.00,0.05000,263
3218,402.350,100.00,0.05000,263
3219,401.450,100.00,0.05000,263
3220,425.050,100.00,0.05000,263
3221,416.850,100.00,0.05000,263
3222,409.950,100.00,0.05000,263
3223,429.500,100.00,0.05000,263
3224,399.950,100.00,0.05000,263
3225,406.150,100.00,0.05000,263
3226,426.500,100.00,0.05000,263
3227,410.800,100.00,0.05000,263
3228,393.950,100.00,0.05000,263
3229,399.300,100.00,0.05000,263
3230,397.700,100.00,0.05000,263
3231,385.350,100.00,0.05000,263
3232,411.050,100.00,0.05000,263
3233,417.050,100.00,0.05000,263
3234,422.100,100.00,0.05000,263
3235,405.700,100.00,0.05000,263
3236,406.600,100.00,0.05000,263
3237,395.800,100.00,0.05000,263
3238,417.650,100.00,0.05000,264
3239,401.000,100.00,0.05000,264
3240,407.700,100.00,0.05000,264
3241,404.250,100.00,0.05000,264
3242,410.550,100.00,0.05000,264
3243,393.750,100.00,0.05000,264
3244,400.650,100.00,0.05000,264
3245,414.600,100.00,0.05000,264
3246,414.400,100.00,0.05000,264
3247,419.750,100.00,0.05000,264
3248,416.550,100.00,0.05000,264
3249,405.650,100.00,0.05000,264
3250,411.300,100.00,0.05000,264
3251,412.150,100.00,0.05000,264
3252,411.350,100.00,0.05000,264
3253,418.700,100.00,0.05000,264
3254,411.550,100.00,0.05000,264
3255,408.900,100.00,0.05000,264
3256,421.150,100.00,0.05000,264
3257,411.000,100.00,0.05000,264
3258,410.450,100.00,0.05000,264
3259,410.550,100.00,0.05000,264
3260,426.350,100.00,0.05000,264
3261,388.650,100.00,0.05000,264
3262,418.300,100.00,0.05000,264
3263,412.550,100.00,0.05000,264
3264,406.150,100.00,0.05000,264
3265,398.700,100.00,0.05000,264
3266,432.150,100.00,0.05000,264
3267,385.550,100.00,0.05000,264
3268,421.000,100.00,0.05000,264
3269,400.850,100.00,0.05000,264
3270,408.700,100.00,0.05000,264
3271,411.350,100.00,0.05000,264
3272,400.550,100.00,0.05000,264
3273,407.250,100.00,0.05000,264
3274,394.450,100.00,0.05000,264
3275,407.600,100.00,0.05000,264
3276,409.150,100.00,0.05000,264
3277,403.000,100.00,0.05000,264
3278,408.950,100.00,0.05000,264
3279,413.650,100.00,0.05000,264
3280,395.650,100.00,0.05000,264
3281,411.900,100.00,0.05000,264
3282,404.000,100.00,0.05000,264
3283,391.900,100.00,0.05000,264
3284,422.150,100.00,0.05000,264
3285,422.900,100.00,0.05000,264
3286,423.350,100.00,0.05000,264
3287,395.700,100.00,0.05000,264
3288,388.500,100.00,0.05000,264
3289,404.600,100.00,0.05000,264
3290,409.850,100.00,0.05000,264
3291,416.000,100.00,0.05000,264
3292,393.900,100.00,0.05000,264
3293,410.850,100.00,0.05000,264
3294,409.400,100.00,0.05000,264
3295,406.150,100.00,0.05000,264
3296,421.650,100.00,0.05000,264
3297,400.700,100.00,0.05000,264
3298,407.050,100.00,0.05000,264
3299,397.600,100.00,0.05000,264
3300,406.600,100.00,0.05000,264
3301,402.650,100.00,0.05000,264
3302,410.700,100.00,0.05000,264
3303,406.300,100.00,0.05000,264
3304,408.550,100.00,0.05000,264
3305,417.550,100.00,0.05000,264
3306,409.000,100.00,0.05000,264
3307,388.150,100.00,0.05000,264
3308,420.450,100.00,0.05000,264
3309,412.600,100.00,0.05000,264
3310,415.400,100.00,0.05000,264
3311,410.950,100.00,0.05000,264
3312,405.350,100.00,0.05000,264
3313,418.500,100.00,0.05000,264
3314,398.250,100.00,0.05000,264
3315,413.900,100.00,0.05000,264
3316,399.800,100.00,0.05000,264
3317,414.800,100.00,0.05000,264
3318,398.050,100.00,0.05000,264
3319,401.050,100.00,0.05000,264
3320,408.700,100.00,0.05000,264
3321,416.500,100.00,0.05000,264
3322,410.000,100.00,0.05000,264
3323,411.750,100.00,0.05000,264
3324,405.300,100.00,0.05000,264
3325,410.850,100.00,0.05000,264
3326,410.800,100.00,0.05000,264
3327,400.150,100.00,0.05000,264
3328,404.700,100.00,0.05000,264
3329,402.750,100.00,0.05000,264
3330,419.050,100.00,0.05000,264
3331,405.300,100.00,0.05000,264
3332,413.050,100.00,0.05000,264
3333,407.800,100.00,0.05000,264
3334,410.100,100.00,0.05000,264
3335,401.050,100.00,0.05000,264
3336,391.700,100.00,0.05000,264
3337,415.850,100.00,0.05000,264
3338,412.900,100.00,0.05000,264
3339,418.300,100.00,0.05000,264
3340,408.950,100.00,0.05000,264
3341,413.100,100.00,0.05000,264
3342,401.250,100.00,0.05000,264
3343,408.600,100.00,0.05000,264
3344,404.350,100.00,0.05000,264
3345,396.750,100.00,0.05000,264
3346,411.350,100.00,0.05000,264
3347,408.850,100.00,0.05000,264
3348,402.100,100.00,0.05000,264
3349,400.300,100.00,0.05000,264
3350,415.850,100.00,0.05000,264
3351,412.000,100.00,0.05000,264
3352,411.200,100.00,0.05000,264
3353,408.000,100.00,0.05000,264
3354,416.800,100.00,0.05000,264
3355,397.400,100.00,0.05000,264
3356,400.500,100.00,0.05000,264
3357,419.250,100.00,0.05000,264
3358,396.050,100.00,0.05000,264
3359,416.700,100.00,0.05000,264
3360,410.650,100.00,0.05000,264
3361,414.400,100.00,0.05000,264
3362,406.700,100.00,0.05000,264
3363,413.450,100.00,0.05000,264
3364,414.750,100.00,0.05000,264
3365,396.300,100.00,0.05000,264
3366,405.500,100.00,0.05000,264
3367,408.350,100.00,0.05000,264
3368,418.900,100.00,0.05000,264
3369,415.150,100.00,0.05000,264
3370,412.400,100.00,0.05000,264
3371,402.500,100.00,0.05000,264
3372,408.900,100.00,0.05000,264
3373,407.550,100.00,0.05000,264
3374,408.050,100.00,0.05000,264
3375,419.550,100.00,0.05000,264
3376,407.000,100.00,0.05000,264
3377,422.350,100.00,0.05000,264
3378,400.600,100.00,0.05000,264
3379,423.800,100.00,0.05000,264
3380,406.200,100.00,0.05000,264
3381,406.050,100.00,0.05000,264
3382,411.850,100.00,0.05000,264
3383,406.800,100.00,0.05000,264
3384,405.950,100.00,0.05000,264
3385,413.000,100.00,0.05000,264
3386,410.250,100.00,0.05000,264
3387,402.950,100.00,0.05000,264
3388,415.650,100.00,0.05000,264
3389,416.000,100.00,0.05000,264
3390,412.150,100.00,0.05000,264
3391,402.250,100.00,0.05000,264
3392,397.950,100.00,0.05000,264
3393,412.850,100.00,0.05000,264
3394,409.450,100.00,0.05000,264
3395,395.250,100.00,0.05000,264
3396,401.400,100.00,0.05000,264
3397,408.700,100.00,0.05000,264
3398,423.950,100.00,0.05000,264
3399,406.900,100.00,0.05000,264
3400,397.500,100.00,0.05000,264
3401,411.500,100.00,0.05000,264
3402,392.000,100.00,0.05000,264
3403,398.150,100.00,0.05000,264
3404,411.100,100.00,0.05000,264
3405,405.600,100.00,0.05000,264
3406,401.750,100.00,0.05000,264
3407,413.550,100.00,0.05000,264
3408,386.750,100.00,0.05000,264
3409,398.700,100.00,0.05000,264
3410,423.600,100.00,0.05000,264
3411,402.200,100.00,0.05000,264
3412,409.600,100.00,0.05000,264
3413,411.450,100.00,0.05000,264
3414,402.300,100.00,0.05000,264
3415,411.300,100.00,0.05000,264
3416,395.450,100.00,0.05000,264
3417,413.200,100.00,0.05000,264
3418,409.650,100.00,0.05000,264
3419,415.200,100.00,0.05000,264
3420,419.900,100.00,0.05000,264
3421,414.850,100.00,0.05000,264
3422,408.450,100.00,0.05000,265
3423,415.000,100.00,0.05000,265
3424,404.600,100.00,0.05000,265
3425,410.550,100.00,0.05000,265
3426,408.750,100.00,0.05000,265
3427,422.650,100.00,0.05000,265
3428,414.750,100.00,0.05000,265
3429,403.400,100.00,0.05000,265
3430,402.800,100.00,0.05000,265
3431,416.750,100.00,0.05000,265
3432,420.650,100.00,0.05000,265
3433,406.150,100.00,0.05000,265
3434,400.700,100.00,0.05000,265
3435,411.650,100.00,0.05000,265
3436,410.050,100.00,0.05000,265
3437,410.400,100.00,0.05000,265
3438,415.400,100.00,0.05000,265
3439,417.400,100.00,0.05000,265
3440,397.700,100.00,0.05000,265
3441,416.600,100.00,0.05000,265
3442,385.850,100.00,0.05000,265
3443,395.500,100.00,0.05000,265
3444,411.300,100.00,0.05000,265
3445,396.600,100.00,0.05000,265
3446,398.250,100.00,0.05000,265
3447,398.300,100.00,0.05000,265
3448,388.950,100.00,0.05000,265
3449,383.900,100.00,0.05000,265
3450,392.350,100.00,0.05000,265
3451,403.000,100.00,0.05000,265
3452,408.050,100.00,0.05000,265
3453,398.500,100.00,0.05000,265
3454,400.650,100.00,0.05000,265
3455,409.800,100.00,0.05000,265
3456,407.150,100.00,0.05000,265
3457,414.800,100.00,0.05000,265
3458,412.200,100.00,0.05000,265
3459,424.350,100.00,0.05000,265
3460,406.400,100.00,0.05000,265
3461,404.600,100.00,0.05000,265
3462,409.550,100.00,0.05000,265
3463,419.600,100.00,0.05000,265
3464,402.300,100.00,0.05000,265
3465,400.500,100.00,0.05000,265
3466,416.250,100.00,0.05000,265
3467,425.600,100.00,0.05000,265
3468,410.850,100.00,0.05000,265
3469,419.150,100.00,0.05000,265
3470,416.650,100.00,0.05000,265
3471,404.100,100.00,0.05000,265
3472,411.400,100.00,0.05000,265
3473,409.450,100.00,0.05000,265
3474,410.950,100.00,0.05000,265
3475,403.000,100.00,0.05000,265
3476,399.700,100.00,0.05000,265
3477,417.300,100.00,0.05000,265
3478,419.700,100.00,0.05000,265
3479,405.950,100.00,0.05000,265
3480,411.900,100.00,0.05000,265
3481,409.350,100.00,0.05000,265
3482,420.250,100.00,0.05000,265
3483,402.150,100.00,0.05000,265
3484,394.650,100.00,0.05000,265
3485,398.900,100.00,0.05000,265
3486,402.750,100.00,0.05000,265
3487,399.550,100.00,0.05000,265
3488,405.600,100.00,0.05000,265
3489,408.450,100.00,0.05000,265
3490,415.200,100.00,0.05000,265
3491,399.900,100.00,0.05000,265
3492,403.500,100.00,0.05000,265
3493,392.850,100.00,0.05000,265
3494,405.050,100.00,0.05000,265
3495,404.600,100.00,0.05000,265
3496,408.900,100.00,0.05000,265
3497,408.750,100.00,0.05000,265
3498,399.600,100.00,0.05000,265
3499,392.350,100.00,0.05000,265
3500,405.100,100.00,0.05000,265
3501,402.250,100.00,0.05000,265
3502,411.700,100.00,0.05000,265
3503,393.100,100.00,0.05000,265
3504,411.250,100.00,0.05000,265
3505,401.200,100.00,0.05000,265
3506,391.750,100.00,0.05000,265
3507,414.750,100.00,0.05000,265
3508,409.450,100.00,0.05000,265
3509,404.900,100.00,0.05000,265
3510,415.250,100.00,0.05000,265
3511,399.600,100.00,0.05000,265
3512,396.550,100.00,0.05000,265
3513,392.350,100.00,0.05000,265
3514,405.100,100.00,0.05000,265
3515,408.250,100.00,0.05000,265
3516,406.500,100.00,0.05000,265
3517,406.950,100.00,0.05000,265
3518,412.200,100.00,0.05000,265
3519,403.000,100.00,0.05000,265
3520,418.200,100.00,0.05000,265
3521,398.200,100.00,0.05000,265
3522,410.950,100.00,0.05000,265
3523,416.850,100.00,0.05000,265
3524,395.800,100.00,0.05000,265
3525,404.750,100.00,0.05000,265
3526,401.500,100.00,0.05000,265
3527,405.550,100.00,0.05000,265
3528,405.100,100.00,0.05000,265
3529,399.600,100.00,0.05000,265
3530,398.750,100.00,0.05000,265
3531,416.650,100.00,0.05000,265
3532,413.950,100.00,0.05000,265
3533,414.000,100.00,0.05000,265
3534,398.900,100.00,0.05000,265
3535,402.200,100.00,0.05000,265
3536,426.650,100.00,0.05000,265
3537,402.450,100.00,0.05000,265
3538,408.400,100.00,0.05000,265
3539,417.350,100.00,0.05000,265
3540,399.850,100.00,0.05000,265
3541,411.950,100.00,0.05000,265
3542,422.600,100.00,0.05000,265
3543,410.550,100.00,0.05000,265
3544,418.900,100.00,0.05000,265
3545,392.900,100.00,0.05000,265
3546,412.750,100.00,0.05000,265
3547,409.450,100.00,0.05000,265
3548,408.900,100.00,0.05000,265
3549,398.650,100.00,0.05000,265
3550,393.150,100.00,0.05000,265
3551,394.450,100.00,0.05000,265
3552,421.200,100.00,0.05000,265
3553,390.850,100.00,0.05000,265
3554,417.200,100.00,0.05000,265
3555,418.350,100.00,0.05000,265
3556,400.950,100.00,0.05000,265
3557,405.800,100.00,0.05000,265
3558,412.750,100.00,0.05000,265
3559,397.200,100.00,0.05000,265
3560,410.650,100.00,0.05000,265
3561,402.550,100.00,0.05000,265
3562,406.000,100.00,0.05000,265
3563,400.550,100.00,0.05000,265
3564,401.950,100.00,0.05000,265
3565,418.300,100.00,0.05000,265
3566,418.750,100.00,0.05000,265
3567,397.050,100.00,0.05000,265
3568,408.900,100.00,0.05000,265
3569,413.950,100.00,0.05000,265
3570,409.100,100.00,0.05000,265
3571,386.350,100.00,0.05000,265
3572,404.750,100.00,0.05000,265
3573,427.150,100.00,0.05000,265
3574,406.700,100.00,0.05000,265
3575,399.700,100.00,0.05000,265
3576,405.800,100.00,0.05000,265
3577,402.050,100.00,0.05000,265
3578,413.950,100.00,0.05000,265
3579,394.550,100.00,0.05000,265
3580,395.750,100.00,0.05000,265
3581,394.650,100.00,0.05000,265
3582,410.100,100.00,0.05000,265
3583,404.200,100.00,0.05000,265
3584,403.700,100.00,0.05000,265
3585,409.000,100.00,0.05000,265
3586,414.500,100.00,0.05000,265
3587,400.900,100.00,0.05000,265
3588,402.800,100.00,0.05000,265
3589,419.750,100.00,0.05000,265
3590,407.100,100.00,0.05000,265
3591,405.650,100.00,0.05000,265
3592,388.850,100.00,0.05000,265
3593,409.600,100.00,0.05000,265
3594,409.750,100.00,0.05000,265
3595,391.650,100.00,0.05000,265
3596,412.150,100.00,0.05000,265
3597,420.450,100.00,0.05000,265
3598,400.750,100.00,0.05000,265
3599,418.100,100.00,0.05000,265
3600,414.250,100.00,0.05000,265
3601,412.450,100.00,0.05000,265
3602,405.750,100.00,0.05000,265
3603,389.550,100.00,0.05000,265
3604,417.550,100.00,0.05000,265
3605,414.200,100.00,0.05000,265
3606,403.950,100.00,0.05000,265
3607,402.000,100.00,0.05000,265
3608,418.250,100.00,0.05000,265
3609,393.250,100.00,0.05000,265
3610,404.050,100.00,0.05000,265
3611,404.700,100.00,0.05000,265
3612,407.400,100.00,0.05000,265
3613,413.500,100.00,0.05000,265
3614,407.500,100.00,0.05000,265
3615,415.650,100.00,0.05000,265
3616,408.950,100.00,0.05000,265
3617,410.400,100.00,0.05000,265
3618,410.700,100.00,0.05000,265
3619,414.000,100.00,0.05000,265
3620,400.000,100.00,0.05000,265
3621,412.500,100.00,0.05000,265
3622,403.100,100.00,0.05000,265
3623,418.700,100.00,0.05000,265
3624,413.150,100.00,0.05000,265
3625,381.450,100.00,0.05000,265
3626,411.550,100.00,0.05000,265
3627,411.900,100.00,0.05000,265
3628,384.200,100.00,0.05000,265
3629,415.350,100.00,0.05000,265
3630,410.650,100.00,0.05000,265
3631,411.050,100.00,0.05000,265
3632,405.200,100.00,0.05000,265
3633,386.000,100.00,0.05000,265
3634,386.550,100.00,0.05000,265
3635,419.450,100.00,0.05000,265
3636,418.950,100.00,0.05000,265
3637,419.300,100.00,0.05000,265
3638,401.650,100.00,0.05000,265
3639,429.750,100.00,0.05000,265
3640,407.850,100.00,0.05000,265
3641,389.200,100.00,0.05000,265
3642,432.800,100.00,0.05000,265
3643,393.100,100.00,0.05000,265
3644,407.100,100.00,0.05000,265
3645,402.800,100.00,0.05000,265
3646,414.550,100.00,0.05000,265
3647,410.900,100.00,0.05000,265
3648,418.150,100.00,0.05000,265
3649,405.700,100.00,0.05000,265
3650,423.400,100.00,0.05000,265
3651,416.500,100.00,0.05000,265
3652,407.750,100.00,0.05000,265
3653,407.600,100.00,0.05000,265
3654,413.700,100.00,0.05000,265
3655,384.050,100.00,0.05000,265
3656,397.350,100.00,0.05000,265
3657,416.850,100.00,0.05000,265
3658,404.650,100.00,0.05000,265
3659,406.450,100.00,0.05000,265
3660,422.000,100.00,0.05000,265
3661,415.550,100.00,0.05000,265
3662,402.000,100.00,0.05000,265
3663,418.650,100.00,0.05000,265
3664,400.500,100.00,0.05000,265
3665,405.350,100.00,0.05000,265
3666,398.150,100.00,0.05000,265
3667,393.600,100.00,0.05000,265
3668,423.150,100.00,0.05000,265
3669,410.600,100.00,0.05000,265
3670,401.100,100.00,0.05000,265
3671,409.350,100.00,0.05000,265
3672,414.700,100.00,0.05000,265
3673,394.050,100.00,0.05000,265
3674,400.750,100.00,0.05000,265
3675,403.700,100.00,0.05000,265
3676,412.400,100.00,0.05000,265
3677,389.900,100.00,0.05000,265
3678,416.050,100.00,0.05000,265
3679,405.050,100.00,0.05000,265
3680,384.500,100.00,0.05000,265
3681,399.350,100.00,0.05000,265
3682,409.900,100.00,0.05000,265
3683,427.950,100.00,0.05000,265
3684,404.100,100.00,0.05000,265
3685,399.500,100.00,0.05000,265
3686,414.150,100.00,0.05000,265
3687,406.950,100.00,0.05000,265
3688,415.650,100.00,0.05000,265
3689,411.100,100.00,0.05000,265
3690,404.800,100.00,0.05000,265
3691,415.750,100.00,0.05000,265
3692,409.000,100.00,0.05000,265
3693,401.700,100.00,0.05000,265
3694,402.650,100.00,0.05000,265
3695,408.750,100.00,0.05000,265
3696,404.500,100.00,0.05000,265
3697,392.250,100.00,0.05000,265
3698,421.150,100.00,0.05000,265
3699,420.000,100.00,0.05000,265
3700,402.800,100.00,0.05000,265
3701,398.700,100.00,0.05000,265
3702,410.650,100.00,0.05000,265
3703,423.400,100.00,0.05000,265
3704,419.900,100.00,0.05000,265
3705,417.000,100.00,0.05000,265
3706,407.600,100.00,0.05000,265
3707,413.600,100.00,0.05000,265
3708,403.450,100.00,0.05000,265
3709,409.050,100.00,0.05000,265
3710,405.150,100.00,0.05000,265
3711,417.200,100.00,0.05000,265
3712,412.600,100.00,0.05000,265
3713,427.550,100.00,0.05000,265
3714,407.500,100.00,0.05000,265
3715,404.700,100.00,0.05000,265
3716,398.550,100.00,0.05000,265
3717,421.350,100.00,0.05000,265
3718,414.800,100.00,0.05000,265
3719,404.900,100.00,0.05000,265
3720,424.650,100.00,0.05000,265
3721,417.550,100.00,0.05000,265
3722,418.100,100.00,0.05000,265
3723,403.400,100.00,0.05000,265
3724,417.450,100.00,0.05000,265
3725,410.000,100.00,0.05000,265
3726,402.250,100.00,0.05000,265
3727,403.450,100.00,0.05000,265
3728,404.450,100.00,0.05000,265
3729,411.450,100.00,0.05000,265
3730,396.700,100.00,0.05000,265
3731,421.500,100.00,0.05000,265
3732,403.150,100.00,0.05000,265
3733,404.950,100.00,0.05000,265
3734,411.500,100.00,0.05000,265
3735,414.800,100.00,0.05000,265
3736,421.800,100.00,0.05000,265
3737,404.200,100.00,0.05000,265
3738,425.400,100.00,0.05000,265
3739,408.050,100.00,0.05000,265
3740,401.150,100.00,0.05000,265
3741,405.400,100.00,0.05000,265
3742,423.600,100.00,0.05000,265
3743,404.000,100.00,0.05000,265
3744,416.700,100.00,0.05000,265
3745,412.100,100.00,0.05000,265
3746,405.200,100.00,0.05000,265
3747,400.000,100.00,0.05000,265
3748,421.050,100.00,0.05000,265
3749,410.900,100.00,0.05000,265
3750,409.550,100.00,0.05000,265
3751,403.750,100.00,0.05000,265
3752,413.350,100.00,0.05000,265
3753,414.200,100.00,0.05000,265
3754,414.550,100.00,0.05000,265
3755,418.700,100.00,0.05000,265
3756,411.200,100.00,0.05000,265
3757,396.000,100.00,0.05000,265
3758,401.450,100.00,0.05000,265
3759,428.000,100.00,0.05000,265
3760,422.850,100.00,0.05000,265
3761,415.600,100.00,0.05000,265
3762,405.850,100.00,0.05000,265
3763,409.950,100.00,0.05000,265
3764,402.300,100.00,0.05000,265
3765,412.600,100.00,0.05000,265
3766,391.000,100.00,0.05000,265
3767,404.950,100.00,0.05000,265
3768,397.800,100.00,0.05000,265
3769,409.350,100.00,0.05000,265
3770,395.850,100.00,0.05000,265
3771,402.050,100.00,0.05000,265
3772,419.100,100.00,0.05000,265
3773,419.800,100.00,0.05000,265
3774,409.300,100.00,0.05000,265
3775,421.500,100.00,0.05000,265
3776,412.050,100.00,0.05000,265
3777,403.750,100.00,0.05000,265
3778,399.900,100.00,0.05000,265
3779,413.450,100.00,0.05000,265
3780,398.600,100.00,0.05000,265
3781,411.500,100.00,0.05000,265
3782,396.350,100.00,0.05000,265
3783,397.850,100.00,0.05000,265
3784,404.400,100.00,0.05000,265
3785,409.400,100.00,0.05000,265
3786,406.800,100.00,0.05000,265
3787,391.650,100.00,0.05000,265
3788,410.300,100.00,0.05000,265
3789,395.250,100.00,0.05000,265
3790,381.700,100.00,0.05000,265
3791,403.800,100.00,0.05000,265
3792,409.750,100.00,0.05000,265
3793,406.750,100.00,0.05000,265
3794,411.750,100.00,0.05000,265
3795,421.250,100.00,0.05000,265
3796,411.150,100.00,0.05000,265
3797,412.050,100.00,0.05000,265
3798,402.350,100.00,0.05000,265
3799,394.050,100.00,0.05000,265
3800,412.400,100.00,0.05000,265
3801,402.150,100.00,0.05000,265
3802,402.450,100.00,0.05000,265
3803,417.200,100.00,0.05000,265
3804,409.500,100.00,0.05000,265
3805,399.650,100.00,0.05000,265
3806,414.700,100.00,0.05000,265
3807,414.850,100.00,0.05000,265
3808,406.200,100.00,0.05000,265
3809,404.500,100.00,0.05000,265
3810,402.000,100.00,0.05000,265
3811,393.250,100.00,0.05000,265
3812,417.300,100.00,0.05000,265
3813,408.650,100.00,0.05000,265
3814,408.950,100.00,0.05000,265
3815,417.300,100.00,0.05000,265
3816,423.100,100.00,0.05000,265
3817,405.750,100.00,0.05000,265
3818,410.300,100.00,0.05000,265
3819,402.500,100.00,0.05000,265
3820,403.950,100.00,0.05000,265
3821,424.450,100.00,0.05000,265
3822,411.700,100.00,0.05000,265
3823,403.250,100.00,0.05000,265
3824,394.600,100.00,0.05000,265
3825,430.550,100.00,0.05000,265
3826,381.700,100.00,0.05000,265
3827,416.950,100.00,0.05000,265
3828,417.250,100.00,0.05000,265
3829,406.550,100.00,0.05000,265
3830,403.600,100.00,0.05000,265
3831,408.350,100.00,0.05000,265
3832,406.800,100.00,0.05000,265
3833,395.350,100.00,0.05000,265
3834,407.650,100.00,0.05000,265
3835,411.650,100.00,0.05000,265
3836,399.600,100.00,0.05000,265
3837,418.100,100.00,0.05000,265
3838,421.650,100.00,0.05000,265
3839,407.550,100.00,0.05000,265
3840,406.650,100.00,0.05000,265
3841,401.400,100.00,0.05000,265
3842,406.400,100.00,0.05000,265
3843,418.550,100.00,0.05000,265
3844,425.100,100.00,0.05000,265
3845,403.150,100.00,0.05000,265
3846,390.600,100.00,0.05000,265
3847,405.600,100.00,0.05000,265
3848,426.600,100.00,0.05000,265
3849,414.950,100.00,0.05000,265
3850,405.900,100.00,0.05000,265
3851,416.200,100.00,0.05000,265
3852,386.850,100.00,0.05000,265
3853,412.050,100.00,0.05000,265
3854,413.450,100.00,0.05000,265
3855,411.900,100.00,0.05000,265
3856,398.500,100.00,0.05000,265
3857,415.500,100.00,0.05000,265
3858,424.100,100.00,0.05000,265
3859,401.200,100.00,0.05000,265
3860,398.000,100.00,0.05000,265
3861,408.000,100.00,0.05000,265
3862,409.800,100.00,0.05000,265
3863,410.750,100.00,0.05000,265
3864,406.450,100.00,0.05000,265
3865,413.200,100.00,0.05000,265
3866,398.050,100.00,0.05000,265
3867,418.900,100.00,0.05000,265
3868,411.650,100.00,0.05000,265
3869,419.750,100.00,0.05000,265
3870,408.450,100.00,0.05000,265
3871,423.600,100.00,0.05000,265
3872,400.400,100.00,0.05000,265
3873,420.400,100.00,0.05000,265
3874,407.350,100.00,0.05000,265
3875,410.150,100.00,0.05000,265
3876,420.250,100.00,0.05000,265
3877,408.450,100.00,0.05000,265
3878,412.500,100.00,0.05000,265
3879,410.400,100.00,0.05000,265
3880,388.300,100.00,0.05000,265
3881,409.700,100.00,0.05000,265
3882,401.950,100.00,0.05000,265
3883,409.950,100.00,0.05000,265
3884,407.800,100.00,0.05000,265
3885,393.650,100.00,0.05000,265
3886,414.900,100.00,0.05000,265
3887,407.400,100.00,0.05000,265
3888,411.650,100.00,0.05000,265
3889,417.300,100.00,0.05000,265
3890,413.850,100.00,0.05000,265
3891,408.250,100.00,0.05000,265
3892,414.750,100.00,0.05000,265
3893,416.800,100.00,0.05000,265
3894,404.800,100.00,0.05000,265
3895,412.100,100.00,0.05000,265
3896,415.800,100.00,0.05000,265
3897,420.850,100.00,0.05000,265
3898,406.500,100.00,0.05000,265
3899,391.300,100.00,0.05000,265
3900,401.750,100.00,0.05000,265
3901,419.600,100.00,0.05000,265
3902,413.000,100.00,0.05000,265
3903,408.650,100.00,0.05000,265
3904,402.650,100.00,0.05000,265
3905,408.400,100.00,0.05000,265
3906,403.000,100.00,0.05000,265
3907,394.550,100.00,0.05000,265
3908,417.700,100.00,0.05000,265
3909,413.150,100.00,0.05000,265
3910,402.450,100.00,0.05000,265
3911,406.350,100.00,0.05000,265
3912,402.800,100.00,0.05000,265
3913,413.350,100.00,0.05000,265
3914,414.050,100.00,0.05000,265
3915,411.300,100.00,0.05000,265
3916,401.150,100.00,0.05000,265
3917,414.100,100.00,0.05000,265
3918,397.850,100.00,0.05000,265
3919,413.300,100.00,0.05000,265
3920,411.800,100.00,0.05000,265
3921,404.050,100.00,0.05000,265
3922,392.600,100.00,0.05000,265
3923,410.150,100.00,0.05000,265
3924,404.950,100.00,0.05000,265
3925,403.950,100.00,0.05000,265
3926,413.100,100.00,0.05000,265
3927,406.850,100.00,0.05000,265
3928,417.950,100.00,0.05000,265
3929,407.100,100.00,0.05000,265
3930,414.000,100.00,0.05000,265
3931,422.900,100.00,0.05000,265
3932,409.900,100.00,0.05000,265
3933,407.100,100.00,0.05000,265
3934,424.850,100.00,0.05000,265
3935,416.800,100.00,0.05000,265
3936,400.700,100.00,0.05000,265
3937,413.350,100.00,0.05000,265
3938,413.300,100.00,0.05000,265
3939,414.850,100.00,0.05000,265
3940,414.350,100.00,0.05000,265
3941,398.550,100.00,0.05000,265
3942,402.550,100.00,0.05000,265
3943,417.950,100.00,0.05000,265
3944,398.400,100.00,0.05000,265
3945,404.200,100.00,0.05000,265
3946,407.950,100.00,0.05000,265
3947,413.000,100.00,0.05000,265
3948,410.150,100.00,0.05000,265
3949,400.300,100.00,0.05000,265
3950,399.650,100.00,0.05000,265
3951,398.750,100.00,0.05000,265
3952,425.800,100.00,0.05000,265
3953,405.100,100.00,0.05000,265
3954,413.700,100.00,0.05000,265
3955,419.450,100.00,0.05000,265
3956,409.000,100.00,0.05000,265
3957,398.550,100.00,0.05000,265
3958,406.300,100.00,0.05000,265
3959,420.600,100.00,0.05000,265
3960,415.600,100.00,0.05000,265
3961,416.150,100.00,0.05000,265
3962,416.150,100.00,0.05000,265
3963,409.400,100.00,0.05000,265
3964,410.450,100.00,0.05000,265
3965,400.150,100.00,0.05000,265
3966,412.100,100.00,0.05000,265
3967,423.200,100.00,0.05000,265
3968,403.850,100.00,0.05000,265
3969,401.600,100.00,0.05000,265
3970,398.050,100.00,0.05000,265
3971,417.900,100.00,0.05000,265
3972,412.350,100.00,0.05000,265
3973,405.100,100.00,0.05000,265
3974,404.550,100.00,0.05000,265
3975,405.600,100.00,0.05000,265
3976,409.550,100.00,0.05000,265
3977,409.150,100.00,0.05000,265
3978,403.900,100.00,0.05000,265
3979,398.750,100.00,0.05000,265
3980,432.200,100.00,0.05000,265
3981,418.950,100.00,0.05000,265
3982,408.250,100.00,0.05000,265
3983,418.350,100.00,0.05000,265
3984,414.750,100.00,0.05000,265
3985,420.550,100.00,0.05000,265
3986,418.650,100.00,0.05000,265
3987,405.700,100.00,0.05000,265
3988,409.900,100.00,0.05000,265
3989,406.250,100.00,0.05000,265
3990,415.550,100.00,0.05000,265
3991,410.650,100.00,0.05000,265
3992,423.700,100.00,0.05000,265
3993,416.350,100.00,0.05000,265
3994,423.200,100.00,0.05000,265
3995,411.900,100.00,0.05000,265
3996,421.050,100.00,0.05000,265
3997,425.250,100.00,0.05000,265
3998,412.200,100.00,0.05000,265
3999,414.650,100.00,0.05000,265
4000,410.800,100.00,0.05000,265
4001,408.000,100.00,0.05000,265
4002,398.700,100.00,0.05000,265
4003,428.100,100.00,0.05000,265
4004,408.300,100.00,0.05000,265
4005,406.950,100.00,0.05000,265
4006,391.550,100.00,0.05000,265
4007,415.350,100.00,0.05000,265
4008,404.250,100.00,0.05000,265
4009,422.200,100.00,0.05000,265
4010,416.900,100.00,0.05000,265
4011,408.500,100.00,0.05000,265
4012,424.150,100.00,0.05000,265
4013,411.150,100.00,0.05000,265
4014,403.350,100.00,0.05000,265
4015,401.750,100.00,0.05000,265
4016,410.950,100.00,0.05000,265
4017,398.600,100.00,0.05000,265
4018,409.750,100.00,0.05000,265
4019,411.850,100.00,0.05000,265
4020,406.750,100.00,0.05000,265
4021,411.000,100.00,0.05000,265
4022,402.750,100.00,0.05000,265
4023,393.250,100.00,0.05000,265
4024,410.800,100.00,0.05000,265
4025,399.900,100.00,0.05000,265
4026,415.750,100.00,0.05000,265
4027,428.200,100.00,0.05000,265
4028,405.200,100.00,0.05000,265
4029,405.300,100.00,0.05000,265
4030,412.200,100.00,0.05000,265
4031,403.250,100.00,0.05000,265
4032,403.950,100.00,0.05000,265
4033,397.550,100.00,0.05000,265
4034,383.300,100.00,0.05000,265
4035,421.050,100.00,0.05000,265
4036,412.500,100.00,0.05000,265
4037,405.300,100.00,0.05000,265
4038,410.750,100.00,0.05000,265
4039,402.050,100.00,0.05000,265
4040,416.650,100.00,0.05000,265
4041,393.950,100.00,0.05000,265
4042,419.450,100.00,0.05000,265
4043,397.000,100.00,0.05000,265
4044,391.550,100.00,0.05000,265
4045,403.650,100.00,0.05000,265
4046,409.100,100.00,0.05000,265
4047,407.550,100.00,0.05000,265
4048,410.700,100.00,0.05000,265
4049,392.200,100.00,0.05000,265
4050,393.750,100.00,0.05000,265
4051,418.450,100.00,0.05000,265
4052,399.650,100.00,0.05000,265
4053,415.750,100.00,0.05000,265
4054,396.700,100.00,0.05000,265
4055,410.800,100.00,0.05000,265
4056,406.750,100.00,0.05000,265
4057,424.800,100.00,0.05000,265
4058,404.000,100.00,0.05000,265
4059,420.050,100.00,0.05000,265
4060,404.850,100.00,0.05000,265
4061,401.200,100.00,0.05000,265
4062,396.500,100.00,0.05000,265
4063,405.150,100.00,0.05000,265
4064,417.700,100.00,0.05000,265
4065,421.750,100.00,0.05000,265
4066,406.600,100.00,0.05000,265
4067,406.100,100.00,0.05000,265
4068,390.450,100.00,0.05000,265
4069,400.500,100.00,0.05000,265
4070,394.600,100.00,0.05000,265
4071,401.200,100.00,0.05000,265
4072,413.450,100.00,0.05000,265
4073,392.100,100.00,0.05000,265
4074,400.400,100.00,0.05000,265
4075,385.300,100.00,0.05000,265
4076,424.450,100.00,0.05000,265
4077,409.850,100.00,0.05000,265
4078,404.000,100.00,0.05000,265
4079,402.800,100.00,0.05000,265
4080,410.600,100.00,0.05000,265
4081,406.500,100.00,0.05000,265
4082,412.900,100.00,0.05000,265
4083,409.250,100.00,0.05000,265
4084,394.650,100.00,0.05000,265
4085,407.500,100.00,0.05000,265
4086,395.550,100.00,0.05000,265
4087,411.050,100.00,0.05000,265
4088,406.200,100.00,0.05000,265
4089,405.050,100.00,0.05000,265
4090,430.600,100.00,0.05000,265
4091,408.250,100.00,0.05000,265
4092,417.400,100.00,0.05000,265
4093,413.300,100.00,0.05000,265
4094,417.100,100.00,0.05000,265
4095,413.950,100.00,0.05000,265
4096,407.400,100.00,0.05000,265
4097,399.450,100.00,0.05000,265
4098,415.700,100.00,0.05000,265
4099,401.650,100.00,0.05000,265
4100,415.250,100.00,0.05000,265
4101,420.700,100.00,0.05000,265
4102,397.000,100.00,0.05000,265
4103,381.550,100.00,0.05000,265
4104,415.050,100.00,0.05000,265
4105,411.800,100.00,0.05000,265
4106,414.700,100.00,0.05000,265
4107,397.550,100.00,0.05000,265
4108,414.050,100.00,0.05000,265
4109,419.500,100.00,0.05000,265
4110,404.050,100.00,0.05000,265
4111,400.350,100.00,0.05000,265
4112,415.850,100.00,0.05000,265
4113,394.450,100.00,0.05000,265
4114,416.800,100.00,0.05000,265
4115,411.600,100.00,0.05000,265
4116,387.950,100.00,0.05000,265
4117,404.800,100.00,0.05000,265
4118,417.200,100.00,0.05000,265
4119,412.600,100.00,0.05000,265
4120,405.450,100.00,0.05000,265
4121,413.350,100.00,0.05000,265
4122,397.500,100.00,0.05000,265
4123,387.550,100.00,0.05000,265
4124,391.200,100.00,0.05000,265
4125,420.700,100.00,0.05000,265
4126,401.150,100.00,0.05000,265
4127,403.850,100.00,0.05000,265
4128,409.100,100.00,0.05000,265
4129,388.550,100.00,0.05000,265
4130,400.950,100.00,0.05000,265
4131,385.600,100.00,0.05000,265
4132,408.000,100.00,0.05000,265
4133,410.600,100.00,0.05000,265
4134,410.150,100.00,0.05000,265
4135,398.950,100.00,0.05000,265
4136,402.650,100.00,0.05000,265
4137,403.550,100.00,0.05000,265
4138,411.550,100.00,0.05000,265
4139,407.250,100.00,0.05000,265
4140,413.050,100.00,0.05000,265
4141,406.650,100.00,0.05000,265
4142,412.050,100.00,0.05000,265
4143,402.800,100.00,0.05000,265
4144,396.750,100.00,0.05000,265
4145,416.700,100.00,0.05000,265
4146,411.150,100.00,0.05000,265
4147,404.350,100.00,0.05000,265
4148,414.300,100.00,0.05000,265
4149,411.600,100.00,0.05000,265
4150,430.700,100.00,0.05000,265
4151,405.000,100.00,0.05000,265
4152,403.350,100.00,0.05000,265
4153,412.100,100.00,0.05000,265
4154,421.450,100.00,0.05000,265
4155,417.950,100.00,0.05000,265
4156,413.000,100.00,0.05000,265
4157,406.750,100.00,0.05000,265
4158,416.750,100.00,0.05000,265
4159,414.400,100.00,0.05000,265
4160,406.200,100.00,0.05000,265
4161,418.950,100.00,0.05000,265
4162,412.550,100.00,0.05000,265
4163,409.450,100.00,0.05000,265
4164,405.100,100.00,0.05000,265
4165,399.250,100.00,0.05000,265
4166,398.100,100.00,0.05000,265
4167,420.200,100.00,0.05000,265
4168,417.700,100.00,0.05000,265
4169,400.000,100.00,0.05000,265
4170,405.300,100.00,0.05000,265
4171,408.950,100.00,0.05000,265
4172,408.700,100.00,0.05000,265
4173,416.400,100.00,0.05000,265
4174,419.400,100.00,0.05000,265
4175,412.500,100.00,0.05000,265
4176,426.850,100.00,0.05000,265
4177,404.350,100.00,0.05000,265
4178,407.350,100.00,0.05000,265
4179,406.000,100.00,0.05000,265
4180,414.450,100.00,0.05000,265
4181,424.750,100.00,0.05000,265
4182,402.300,100.00,0.05000,265
4183,420.050,100.00,0.05000,265
4184,406.250,100.00,0.05000,265
4185,421.600,100.00,0.05000,265
4186,408.150,100.00,0.05000,265
4187,409.250,100.00,0.05000,265
4188,416.000,100.00,0.05000,265
4189,407.200,100.00,0.05000,265
4190,417.300,100.00,0.05000,265
4191,402.850,100.00,0.05000,265
4192,415.300,100.00,0.05000,265
4193,396.500,100.00,0.05000,265
4194,406.900,100.00,0.05000,265
4195,408.600,100.00,0.05000,265
4196,390.450,100.00,0.05000,265
4197,418.400,100.00,0.05000,265
4198,407.850,100.00,0.05000,265
4199,395.650,100.00,0.05000,265
4200,408.850,100.00,0.05000,265
4201,395.050,100.00,0.05000,265
4202,400.400,100.00,0.05000,265
4203,404.700,100.00,0.05000,265
4204,410.000,100.00,0.05000,265
4205,397.150,100.00,0.05000,265
4206,405.750,100.00,0.05000,265
4207,424.100,100.00,0.05000,265
4208,402.800,100.00,0.05000,265
4209,415.500,100.00,0.05000,265
4210,416.850,100.00,0.05000,265
4211,413.400,100.00,0.05000,265
4212,410.200,100.00,0.05000,265
4213,417.650,100.00,0.05000,265
4214,421.500,100.00,0.05000,265
4215,412.050,100.00,0.05000,265
4216,401.750,100.00,0.05000,265
4217,408.800,100.00,0.05000,265
4218,412.800,100.00,0.05000,265
4219,408.350,100.00,0.05000,265
4220,396.450,100.00,0.05000,265
4221,406.300,100.00,0.05000,265
4222,404.200,100.00,0.05000,265
4223,417.250,100.00,0.05000,265
4224,386.750,100.00,0.05000,265
4225,408.200,100.00,0.05000,265
4226,423.550,100.00,0.05000,265
4227,417.800,100.00,0.05000,265
4228,419.850,100.00,0.05000,265
4229,402.650,100.00,0.05000,265
4230,402.500,100.00,0.05000,265
4231,406.850,100.00,0.05000,265
4232,387.900,100.00,0.05000,265
4233,395.450,100.00,0.05000,265
4234,425.750,100.00,0.05000,265
4235,400.600,100.00,0.05000,265
4236,392.950,100.00,0.05000,265
4237,406.200,100.00,0.05000,265
4238,409.000,100.00,0.05000,265
4239,411.100,100.00,0.05000,265
4240,418.000,100.00,0.05000,265
4241,425.950,100.00,0.05000,265
4242,417.050,100.00,0.05000,265
4243,409.650,100.00,0.05000,265
4244,402.100,100.00,0.05000,265
4245,408.400,100.00,0.05000,265
4246,404.450,100.00,0.05000,265
4247,406.400,100.00,0.05000,265
4248,398.050,100.00,0.05000,265
4249,409.200,100.00,0.05000,265
4250,409.700,100.00,0.05000,265
4251,395.150,100.00,0.05000,265
4252,417.800,100.00,0.05000,265
4253,409.450,100.00,0.05000,265
4254,383.650,100.00,0.05000,265
4255,406.100,100.00,0.05000,265
4256,412.800,100.00,0.05000,265
4257,409.450,100.00,0.05000,265
4258,414.500,100.00,0.05000,265
4259,411.500,100.00,0.05000,265
4260,413.500,100.00,0.05000,265
4261,413.550,100.00,0.05000,265
4262,415.500,100.00,0.05000,265
4263,418.700,100.00,0.05000,265
4264,405.250,100.00,0.05000,265
4265,408.150,100.00,0.05000,265
4266,410.900,100.00,0.05000,265
4267,418.350,100.00,0.05000,265
4268,409.300,100.00,0.05000,265
4269,399.050,100.00,0.05000,265
4270,390.850,100.00,0.05000,265
4271,406.850,100.00,0.05000,265
4272,406.550,100.00,0.05000,265
4273,394.200,100.00,0.05000,265
4274,410.700,100.00,0.05000,265
4275,411.100,100.00,0.05000,265
4276,404.500,100.00,0.05000,265
4277,409.100,100.00,0.05000,265
4278,413.150,100.00,0.05000,265
4279,398.750,100.00,0.05000,265
4280,415.600,100.00,0.05000,265
4281,417.750,100.00,0.05000,265
4282,416.900,100.00,0.05000,265
4283,405.300,100.00,0.05000,265
4284,416.350,100.00,0.05000,265
4285,416.950,100.00,0.05000,265
4286,405.350,100.00,0.05000,265
4287,400.500,100.00,0.05000,265
4288,418.900,100.00,0.05000,265
4289,393.300,100.00,0.05000,265
4290,399.600,100.00,0.05000,265
4291,409.800,100.00,0.05000,265
4292,401.650,100.00,0.05000,265
4293,412.050,100.00,0.05000,265
4294,404.950,100.00,0.05000,265
4295,390.150,100.00,0.05000,265
4296,410.700,100.00,0.05000,265
4297,406.850,100.00,0.05000,265
4298,402.600,100.00,0.05000,265
4299,412.450,100.00,0.05000,265
4300,388.150,100.00,0.05000,265
4301,401.150,100.00,0.05000,265
4302,403.550,100.00,0.05000,265
4303,416.450,100.00,0.05000,265
4304,406.600,100.00,0.05000,265
4305,403.400,100.00,0.05000,265
4306,420.300,100.00,0.05000,265
4307,412.050,100.00,0.05000,265
4308,413.700,100.00,0.05000,265
4309,405.200,100.00,0.05000,265
4310,413.650,100.00,0.05000,265
4311,412.000,100.00,0.05000,265
4312,408.750,100.00,0.05000,265
4313,419.600,100.00,0.05000,265
4314,397.750,100.00,0.05000,265
4315,403.950,100.00,0.05000,265
4316,398.650,100.00,0.05000,265
4317,414.450,100.00,0.05000,265
4318,419.800,100.00,0.05000,265
4319,406.050,100.00,0.05000,265
4320,413.050,100.00,0.05000,265
4321,390.100,100.00,0.05000,265
4322,391.650,100.00,0.05000,265
4323,408.150,100.00,0.05000,265
4324,412.150,100.00,0.05000,265
4325,404.650,100.00,0.05000,265
4326,388.900,100.00,0.05000,265
4327,412.750,100.00,0.05000,265
4328,396.100,100.00,0.05000,265
4329,413.500,100.00,0.05000,265
4330,409.950,100.00,0.05000,265
4331,406.650,100.00,0.05000,265
4332,408.300,100.00,0.05000,265
4333,405.200,100.00,0.05000,265
4334,416.900,100.00,0.05000,265
4335,411.750,100.00,0.05000,265
4336,408.450,100.00,0.05000,265
4337,410.100,100.00,0.05000,265
4338,398.600,100.00,0.05000,265
4339,413.300,100.00,0.05000,265
4340,403.650,100.00,0.05000,265
4341,423.800,100.00,0.05000,265
4342,414.150,100.00,0.05000,265
4343,418.150,100.00,0.05000,265
4344,402.700,100.00,0.05000,265
4345,417.050,100.00,0.05000,265
4346,409.550,100.00,0.05000,265
4347,398.450,100.00,0.05000,265
4348,394.850,100.00,0.05000,265
4349,418.400,100.00,0.05000,265
4350,410.550,100.00,0.05000,265
4351,404.150,100.00,0.05000,265
4352,407.000,100.00,0.05000,265
4353,414.500,100.00,0.05000,265
4354,414.750,100.00,0.05000,265
4355,387.850,100.00,0.05000,265
4356,416.900,100.00,0.05000,265
4357,416.750,100.00,0.05000,265
4358,410.800,100.00,0.05000,265
4359,383.700,100.00,0.05000,265
4360,412.950,100.00,0.05000,265
4361,416.850,100.00,0.05000,265
4362,403.250,100.00,0.05000,265
4363,426.100,100.00,0.05000,265
4364,419.650,100.00,0.05000,265
4365,408.950,100.00,0.05000,265
4366,393.700,100.00,0.05000,265
4367,396.300,100.00,0.05000,265
4368,400.600,100.00,0.05000,265
4369,400.700,100.00,0.05000,265
4370,402.550,100.00,0.05000,265
4371,401.350,100.00,0.05000,265
4372,409.600,100.00,0.05000,265
4373,405.200,100.00,0.05000,265
4374,412.650,100.00,0.05000,265
4375,398.150,100.00,0.05000,265
4376,406.100,100.00,0.05000,265
4377,399.750,100.00,0.05000,265
4378,421.400,100.00,0.05000,266
4379,395.850,100.00,0.05000,266
4380,409.850,100.00,0.05000,266
4381,403.900,100.00,0.05000,266
4382,406.150,100.00,0.05000,266
4383,386.900,100.00,0.05000,266
4384,412.050,100.00,0.05000,266
4385,419.950,100.00,0.05000,266
4386,401.850,100.00,0.05000,266
4387,409.050,100.00,0.05000,266
4388,407.900,100.00,0.05000,266
4389,400.150,100.00,0.05000,266
4390,416.150,100.00,0.05000,266
4391,408.100,100.00,0.05000,266
4392,400.250,100.00,0.05000,266
4393,427.050,100.00,0.05000,266
4394,404.450,100.00,0.05000,266
4395,411.300,100.00,0.05000,266
4396,400.400,100.00,0.05000,266
4397,408.750,100.00,0.05000,266
4398,391.450,100.00,0.05000,266
4399,394.550,100.00,0.05000,266
4400,418.750,100.00,0.05000,266
4401,402.100,100.00,0.05000,266
4402,417.400,100.00,0.05000,266
4403,399.450,100.00,0.05000,266
4404,429.050,100.00,0.05000,266
4405,418.450,100.00,0.05000,266
4406,405.950,100.00,0.05000,266
4407,397.550,100.00,0.05000,266
4408,404.000,100.00,0.05000,266
4409,407.650,100.00,0.05000,266
4410,415.250,100.00,0.05000,266
4411,427.450,100.00,0.05000,266
4412,382.300,100.00,0.05000,266
4413,421.650,100.00,0.05000,266
4414,403.500,100.00,0.05000,266
4415,413.200,100.00,0.05000,266
4416,412.500,100.00,0.05000,266
4417,413.450,100.00,0.05000,266
4418,408.500,100.00,0.05000,266
4419,407.050,100.00,0.05000,266
4420,411.100,100.00,0.05000,266
4421,415.450,100.00,0.05000,266
4422,421.900,100.00,0.05000,266
4423,411.700,100.00,0.05000,266
4424,388.700,100.00,0.05000,266
4425,397.600,100.00,0.05000,266
4426,412.000,100.00,0.05000,266
4427,398.750,100.00,0.05000,266
4428,395.050,100.00,0.05000,266
4429,428.050,100.00,0.05000,266
4430,416.500,100.00,0.05000,266
4431,409.650,100.00,0.05000,266
4432,415.850,100.00,0.05000,266
4433,394.100,100.00,0.05000,266
4434,418.350,100.00,0.05000,266
4435,388.950,100.00,0.05000,266
4436,405.050,100.00,0.05000,266
4437,401.700,100.00,0.05000,266
4438,414.750,100.00,0.05000,266
4439,409.400,100.00,0.05000,266
4440,414.000,100.00,0.05000,266
4441,405.300,100.00,0.05000,266
4442,393.600,100.00,0.05000,266
4443,401.900,100.00,0.05000,266
4444,417.600,100.00,0.05000,266
4445,414.900,100.00,0.05000,266
4446,408.400,100.00,0.05000,266
4447,420.600,100.00,0.05000,266
4448,409.350,100.00,0.05000,266
4449,420.500,100.00,0.05000,266
4450,409.350,100.00,0.05000,266
4451,410.100,100.00,0.05000,266
4452,402.500,100.00,0.05000,266
4453,411.550,100.00,0.05000,266
4454,391.700,100.00,0.05000,266
4455,417.600,100.00,0.05000,266
4456,410.800,100.00,0.05000,266
4457,413.200,100.00,0.05000,266
4458,407.450,100.00,0.05000,266
4459,420.850,100.00,0.05000,266
4460,407.000,100.00,0.05000,266
4461,417.000,100.00,0.05000,266
4462,391.950,100.00,0.05000,266
4463,412.300,100.00,0.05000,266
4464,404.850,100.00,0.05000,266
4465,397.550,100.00,0.05000,266
4466,411.200,100.00,0.05000,266
4467,412.550,100.00,0.05000,266
4468,414.550,100.00,0.05000,266
4469,409.500,100.00,0.05000,266
4470,401.350,100.00,0.05000,266
4471,401.400,100.00,0.05000,266
4472,411.700,100.00,0.05000,266
4473,396.900,100.00,0.05000,266
4474,383.200,100.00,0.05000,266
4475,394.300,100.00,0.05000,266
4476,421.200,100.00,0.05000,266
4477,413.850,100.00,0.05000,266
4478,410.850,100.00,0.05000,266
4479,396.300,100.00,0.05000,266
4480,408.500,100.00,0.05000,266
4481,423.500,100.00,0.05000,266
4482,408.900,100.00,0.05000,266
4483,392.400,100.00,0.05000,266
4484,403.350,100.00,0.05000,266
4485,400.850,100.00,0.05000,266
4486,425.700,100.00,0.05000,266
4487,402.400,100.00,0.05000,266
4488,406.800,100.00,0.05000,266
4489,404.150,100.00,0.05000,266
4490,411.250,100.00,0.05000,266
4491,409.350,100.00,0.05000,266
4492,401.500,100.00,0.05000,266
4493,404.550,100.00,0.05000,266
4494,409.400,100.00,0.05000,266
4495,396.400,100.00,0.05000,266
4496,409.750,100.00,0.05000,266
4497,410.700,100.00,0.05000,266
4498,401.500,100.00,0.05000,266
4499,407.350,100.00,0.05000,266
4500,418.500,100.00,0.05000,266
4501,417.200,100.00,0.05000,266
4502,389.900,100.00,0.05000,266
4503,402.900,100.00,0.05000,266
4504,406.000,100.00,0.05000,266
4505,414.550,100.00,0.05000,266
4506,390.900,100.00,0.05000,266
4507,392.150,100.00,0.05000,266
4508,405.500,100.00,0.05000,266
4509,413.500,100.00,0.05000,266
4510,403.350,100.00,0.05000,266
4511,406.700,100.00,0.05000,266
4512,417.950,100.00,0.05000,266
4513,396.650,100.00,0.05000,266
4514,406.750,100.00,0.05000,266
4515,416.050,100.00,0.05000,266
4516,396.350,100.00,0.05000,266
4517,399.700,100.00,0.05000,266
4518,407.800,100.00,0.05000,266
4519,412.050,100.00,0.05000,266
4520,411.900,100.00,0.05000,266
4521,412.350,100.00,0.05000,266
4522,399.400,100.00,0.05000,266
4523,402.900,100.00,0.05000,266
4524,412.100,100.00,0.05000,266
4525,398.600,100.00,0.05000,266
4526,405.750,100.00,0.05000,266
4527,421.700,100.00,0.05000,266
4528,401.850,100.00,0.05000,266
4529,419.100,100.00,0.05000,266
4530,425.700,100.00,0.05000,266
4531,397.700,100.00,0.05000,266
4532,416.300,100.00,0.05000,266
4533,405.550,100.00,0.05000,266
4534,415.900,100.00,0.05000,266
4535,401.050,100.00,0.05000,266
4536,409.950,100.00,0.05000,266
4537,400.600,100.00,0.05000,266
4538,399.200,100.00,0.05000,266
4539,407.850,100.00,0.05000,266
4540,412.400,100.00,0.05000,266
4541,407.450,100.00,0.05000,266
4542,414.150,100.00,0.05000,266
4543,412.350,100.00,0.05000,266
4544,397.400,100.00,0.05000,266
4545,415.350,100.00,0.05000,266
4546,409.450,100.00,0.05000,266
4547,397.050,100.00,0.05000,266
4548,416.750,100.00,0.05000,266
4549,399.350,100.00,0.05000,266
4550,403.800,100.00,0.05000,266
4551,421.550,100.00,0.05000,266
4552,410.750,100.00,0.05000,266
4553,410.050,100.00,0.05000,266
4554,396.650,100.00,0.05000,266
4555,417.800,100.00,0.05000,266
4556,408.350,100.00,0.05000,266
4557,401.050,100.00,0.05000,266
4558,408.500,100.00,0.05000,266
4559,420.750,100.00,0.05000,266
4560,410.850,100.00,0.05000,266
4561,381.350,100.00,0.05000,266
4562,422.900,100.00,0.05000,266
4563,413.600,100.00,0.05000,266
4564,396.800,100.00,0.05000,266
4565,413.700,100.00,0.05000,266
4566,399.450,100.00,0.05000,266
4567,403.400,100.00,0.05000,266
4568,411.750,100.00,0.05000,266
4569,402.300,100.00,0.05000,266
4570,408.050,100.00,0.05000,266
4571,415.500,100.00,0.05000,266
4572,402.000,100.00,0.05000,266
4573,395.500,100.00,0.05000,266
4574,406.050,100.00,0.05000,266
4575,424.450,100.00,0.05000,266
4576,410.550,100.00,0.05000,266
4577,415.000,100.00,0.05000,266
4578,418.800,100.00,0.05000,266
4579,415.550,100.00,0.05000,266
4580,410.150,100.00,0.05000,266
4581,413.650,100.00,0.05000,266
4582,391.800,100.00,0.05000,266
4583,397.950,100.00,0.05000,266
4584,422.050,100.00,0.05000,266
4585,418.700,100.00,0.05000,266
4586,412.350,100.00,0.05000,266
4587,408.950,100.00,0.05000,266
4588,402.200,100.00,0.05000,266
4589,417.050,100.00,0.05000,266
4590,404.100,100.00,0.05000,266
4591,390.550,100.00,0.05000,266
4592,422.500,100.00,0.05000,266
4593,405.750,100.00,0.05000,266
4594,412.900,100.00,0.05000,266
4595,401.600,100.00,0.05000,266
4596,396.800,100.00,0.05000,266
4597,407.400,100.00,0.05000,266
4598,401.050,100.00,0.05000,266
4599,419.500,100.00,0.05000,266
4600,415.100,100.00,0.05000,266
4601,417.150,100.00,0.05000,266
4602,398.800,100.00,0.05000,266
4603,406.600,100.00,0.05000,266
4604,401.950,100.00,0.05000,266
4605,395.900,100.00,0.05000,266
4606,417.150,100.00,0.05000,266
4607,406.450,100.00,0.05000,266
4608,422.700,100.00,0.05000,266
4609,409.500,100.00,0.05000,266
4610,412.450,100.00,0.05000,266
4611,399.400,100.00,0.05000,266
4612,388.750,100.00,0.05000,266
4613,386.750,100.00,0.05000,266
4614,410.900,100.00,0.05000,266
4615,410.300,100.00,0.05000,266
4616,391.950,100.00,0.05000,266
4617,410.550,100.00,0.05000,266
4618,416.900,100.00,0.05000,266
4619,397.950,100.00,0.05000,266
4620,401.350,100.00,0.05000,266
4621,412.600,100.00,0.05000,266
4622,407.650,100.00,0.05000,266
4623,396.650,100.00,0.05000,266
4624,411.250,100.00,0.05000,266
4625,409.300,100.00,0.05000,266
4626,409.650,100.00,0.05000,266
4627,410.300,100.00,0.05000,266
4628,415.000,100.00,0.05000,266
4629,410.350,100.00,0.05000,266
4630,406.550,100.00,0.05000,266
4631,408.000,100.00,0.05000,266
4632,410.850,100.00,0.05000,266
4633,411.500,100.00,0.05000,266
4634,408.000,100.00,0.05000,266
4635,414.050,100.00,0.05000,266
4636,401.450,100.00,0.05000,266
4637,403.400,100.00,0.05000,266
4638,408.500,100.00,0.05000,266
4639,405.350,100.00,0.05000,266
4640,405.000,100.00,0.05000,266
4641,407.150,100.00,0.05000,266
4642,400.650,100.00,0.05000,266
4643,419.200,100.00,0.05000,266
4644,395.000,100.00,0.05000,266
4645,406.950,100.00,0.05000,266
4646,423.100,100.00,0.05000,266
4647,409.900,100.00,0.05000,266
4648,414.450,100.00,0.05000,266
4649,422.350,100.00,0.05000,266
4650,408.650,100.00,0.05000,266
4651,409.650,100.00,0.05000,266
4652,405.900,100.00,0.05000,266
4653,406.850,100.00,0.05000,266
4654,418.700,100.00,0.05000,266
4655,410.350,100.00,0.05000,266
4656,418.000,100.00,0.05000,266
4657,406.700,100.00,0.05000,266
4658,397.500,100.00,0.05000,266
4659,403.050,100.00,0.05000,266
4660,416.950,100.00,0.05000,266
4661,418.850,100.00,0.05000,266
4662,400.950,100.00,0.05000,266
4663,404.150,100.00,0.05000,266
4664,413.650,100.00,0.05000,266
4665,397.400,100.00,0.05000,266
4666,409.200,100.00,0.05000,266
4667,416.300,100.00,0.05000,266
4668,394.200,100.00,0.05000,266
4669,416.000,100.00,0.05000,266
4670,417.200,100.00,0.05000,266
4671,400.450,100.00,0.05000,266
4672,414.350,100.00,0.05000,266
4673,398.150,100.00,0.05000,266
4674,412.750,100.00,0.05000,266
4675,409.300,100.00,0.05000,266
4676,413.400,100.00,0.05000,266
4677,410.800,100.00,0.05000,266
4678,405.150,100.00,0.05000,266
4679,424.200,100.00,0.05000,266
4680,412.450,100.00,0.05000,266
4681,408.100,100.00,0.05000,266
4682,408.900,100.00,0.05000,266
4683,402.450,100.00,0.05000,266
4684,418.200,100.00,0.05000,266
4685,408.500,100.00,0.05000,266
4686,411.350,100.00,0.05000,266
4687,414.500,100.00,0.05000,266
4688,378.700,100.00,0.05000,266
4689,413.000,100.00,0.05000,266
4690,396.000,100.00,0.05000,266
4691,402.000,100.00,0.05000,266
4692,402.550,100.00,0.05000,266
4693,403.350,100.00,0.05000,266
4694,406.350,100.00,0.05000,266
4695,401.350,100.00,0.05000,266
4696,416.650,100.00,0.05000,266
4697,415.050,100.00,0.05000,266
4698,406.550,100.00,0.05000,266
4699,426.600,100.00,0.05000,266
4700,404.700,100.00,0.05000,266
4701,411.500,100.00,0.05000,266
4702,397.100,100.00,0.05000,266
4703,400.300,100.00,0.05000,266
4704,404.050,100.00,0.05000,266
4705,421.350,100.00,0.05000,266
4706,419.500,100.00,0.05000,266
4707,418.350,100.00,0.05000,266
4708,399.700,100.00,0.05000,266
4709,420.550,100.00,0.05000,266
4710,412.800,100.00,0.05000,266
4711,408.250,100.00,0.05000,266
4712,401.950,100.00,0.05000,266
4713,407.850,100.00,0.05000,266
4714,411.300,100.00,0.05000,266
4715,407.550,100.00,0.05000,266
4716,412.450,100.00,0.05000,266
4717,397.250,100.00,0.05000,266
4718,417.100,100.00,0.05000,266
4719,406.300,100.00,0.05000,266
4720,404.950,100.00,0.05000,266
4721,407.550,100.00,0.05000,266
4722,421.100,100.00,0.05000,266
4723,414.150,100.00,0.05000,266
4724,407.600,100.00,0.05000,266
4725,409.800,100.00,0.05000,266
4726,394.650,100.00,0.05000,266
4727,398.500,100.00,0.05000,266
4728,416.750,100.00,0.05000,266
4729,399.650,100.00,0.05000,266
4730,408.150,100.00,0.05000,266
4731,413.500,100.00,0.05000,266
4732,393.250,100.00,0.05000,266
4733,422.400,100.00,0.05000,266
4734,420.800,100.00,0.05000,266
4735,423.650,100.00,0.05000,266
4736,405.450,100.00,0.05000,266
4737,409.700,100.00,0.05000,266
4738,411.800,100.00,0.05000,266
4739,399.300,100.00,0.05000,266
4740,407.900,100.00,0.05000,266
4741,401.750,100.00,0.05000,266
4742,416.150,100.00,0.05000,266
4743,422.450,100.00,0.05000,266
4744,415.900,100.00,0.05000,266
4745,408.750,100.00,0.05000,266
4746,402.650,100.00,0.05000,266
4747,402.100,100.00,0.05000,266
4748,402.800,100.00,0.05000,266
4749,419.400,100.00,0.05000,266
4750,415.700,100.00,0.05000,266
4751,407.800,100.00,0.05000,266
4752,402.400,100.00,0.05000,266
4753,419.550,100.00,0.05000,266
4754,409.700,100.00,0.05000,266
4755,412.550,100.00,0.05000,266
4756,407.250,100.00,0.05000,266
4757,402.550,100.00,0.05000,266
4758,408.000,100.00,0.05000,266
4759,421.900,100.00,0.05000,266
4760,404.000,100.00,0.05000,266
4761,404.950,100.00,0.05000,266
4762,425.600,100.00,0.05000,266
4763,401.500,100.00,0.05000,266
4764,411.800,100.00,0.05000,266
4765,402.750,100.00,0.05000,266
4766,399.600,100.00,0.05000,266
4767,415.150,100.00,0.05000,266
4768,416.600,100.00,0.05000,266
4769,400.250,100.00,0.05000,266
4770,415.100,100.00,0.05000,266
4771,415.250,100.00,0.05000,266
4772,416.300,100.00,0.05000,266
4773,409.200,100.00,0.05000,266
4774,394.250,100.00,0.05000,266
4775,404.950,100.00,0.05000,266
4776,403.500,100.00,0.05000,266
4777,411.150,100.00,0.05000,266
4778,393.100,100.00,0.05000,266
4779,401.000,100.00,0.05000,266
4780,401.200,100.00,0.05000,266
4781,390.100,100.00,0.05000,266
4782,411.050,100.00,0.05000,266
4783,406.600,100.00,0.05000,266
4784,408.450,100.00,0.05000,266
4785,413.900,100.00,0.05000,266
4786,413.950,100.00,0.05000,266
4787,418.400,100.00,0.05000,266
4788,418.250,100.00,0.05000,266
4789,391.050,100.00,0.05000,266
4790,392.500,100.00,0.05000,266
4791,400.400,100.00,0.05000,266
4792,418.200,100.00,0.05000,266
4793,424.800,100.00,0.05000,266
4794,410.450,100.00,0.05000,266
4795,406.450,100.00,0.05000,266
4796,399.600,100.00,0.05000,266
4797,416.700,100.00,0.05000,266
4798,419.550,100.00,0.05000,266
4799,413.850,100.00,0.05000,266
4800,410.200,100.00,0.05000,266
4801,424.100,100.00,0.05000,266
4802,412.150,100.00,0.05000,266
4803,425.150,100.00,0.05000,266
4804,410.850,100.00,0.05000,266
4805,418.750,100.00,0.05000,266
4806,421.100,100.00,0.05000,266
4807,410.600,100.00,0.05000,266
4808,393.400,100.00,0.05000,266
4809,412.950,100.00,0.05000,266
4810,418.250,100.00,0.05000,266
4811,425.950,100.00,0.05000,266
4812,397.450,100.00,0.05000,266
4813,412.150,100.00,0.05000,266
4814,406.400,100.00,0.05000,266
4815,419.150,100.00,0.05000,266
4816,418.350,100.00,0.05000,266
4817,406.850,100.00,0.05000,266
4818,417.300,100.00,0.05000,266
4819,389.800,100.00,0.05000,266
4820,413.300,100.00,0.05000,266
4821,410.400,100.00,0.05000,266
4822,393.250,100.00,0.05000,266
4823,397.250,100.00,0.05000,266
4824,399.400,100.00,0.05000,266
4825,400.300,100.00,0.05000,266
4826,403.650,100.00,0.05000,266
4827,410.000,100.00,0.05000,266
4828,420.650,100.00,0.05000,266
4829,409.750,100.00,0.05000,266
4830,398.150,100.00,0.05000,266
4831,403.000,100.00,0.05000,266
4832,406.800,100.00,0.05000,266
4833,409.300,100.00,0.05000,266
4834,411.550,100.00,0.05000,266
4835,392.500,100.00,0.05000,266
4836,413.000,100.00,0.05000,266
4837,413.450,100.00,0.05000,266
4838,420.300,100.00,0.05000,266
4839,419.600,100.00,0.05000,266
4840,401.050,100.00,0.05000,266
4841,406.450,100.00,0.05000,266
4842,405.100,100.00,0.05000,266
4843,408.650,100.00,0.05000,266
4844,420.400,100.00,0.05000,266
4845,395.900,100.00,0.05000,266
4846,405.800,100.00,0.05000,266
4847,426.550,100.00,0.05000,266
4848,399.650,100.00,0.05000,266
4849,405.250,100.00,0.05000,266
4850,402.500,100.00,0.05000,266
4851,397.050,100.00,0.05000,266
4852,415.450,100.00,0.05000,266
4853,399.950,100.00,0.05000,266
4854,401.050,100.00,0.05000,266
4855,406.400,100.00,0.05000,266
4856,399.800,100.00,0.05000,266
4857,413.450,100.00,0.05000,266
4858,415.250,100.00,0.05000,266
4859,414.100,100.00,0.05000,266
4860,424.450,100.00,0.05000,266
4861,412.200,100.00,0.05000,266
4862,411.300,100.00,0.05000,266
4863,408.700,100.00,0.05000,266
4864,415.050,100.00,0.05000,266
4865,414.400,100.00,0.05000,266
4866,397.000,100.00,0.05000,266
4867,402.000,100.00,0.05000,266
4868,417.000,100.00,0.05000,266
4869,395.200,100.00,0.05000,266
4870,408.150,100.00,0.05000,266
4871,402.000,100.00,0.05000,266
4872,406.900,100.00,0.05000,266
4873,420.300,100.00,0.05000,266
4874,403.150,100.00,0.05000,266
4875,413.500,100.00,0.05000,266
4876,390.900,100.00,0.05000,266
4877,417.650,100.00,0.05000,266
4878,403.900,100.00,0.05000,266
4879,412.850,100.00,0.05000,266
4880,424.300,100.00,0.05000,266
4881,424.400,100.00,0.05000,266
4882,416.100,100.00,0.05000,266
4883,427.600,100.00,0.05000,266
4884,390.950,100.00,0.05000,266
4885,421.450,100.00,0.05000,266
4886,399.950,100.00,0.05000,266
4887,401.050,100.00,0.05000,266
4888,414.200,100.00,0.05000,266
4889,392.800,100.00,0.05000,266
4890,409.900,100.00,0.05000,266
4891,407.850,100.00,0.05000,266
4892,419.350,100.00,0.05000,266
4893,416.900,100.00,0.05000,266
4894,391.150,100.00,0.05000,266
4895,413.800,100.00,0.05000,266
4896,408.950,100.00,0.05000,266
4897,394.800,100.00,0.05000,266
4898,411.400,100.00,0.05000,266
4899,404.850,100.00,0.05000,266
4900,386.500,100.00,0.05000,266
4901,415.050,100.00,0.05000,266
4902,409.200,100.00,0.05000,266
4903,410.750,100.00,0.05000,266
4904,417.350,100.00,0.05000,266
4905,396.550,100.00,0.05000,266
4906,378.750,100.00,0.05000,266
4907,399.300,100.00,0.05000,266
4908,416.300,100.00,0.05000,266
4909,417.900,100.00,0.05000,266
4910,425.400,100.00,0.05000,266
4911,402.450,100.00,0.05000,266
4912,394.200,100.00,0.05000,266
4913,418.250,100.00,0.05000,266
4914,407.800,100.00,0.05000,266
4915,416.100,100.00,0.05000,266
4916,413.300,100.00,0.05000,266
4917,414.300,100.00,0.05000,266
4918,420.750,100.00,0.05000,266
4919,406.200,100.00,0.05000,266
4920,411.600,100.00,0.05000,266
4921,403.750,100.00,0.05000,266
4922,414.250,100.00,0.05000,266
4923,428.400,100.00,0.05000,266
4924,414.000,100.00,0.05000,266
4925,397.500,100.00,0.05000,266
4926,415.350,100.00,0.05000,266
4927,419.750,100.00,0.05000,266
4928,418.900,100.00,0.05000,266
4929,416.900,100.00,0.05000,266
4930,413.650,100.00,0.05000,266
4931,403.300,100.00,0.05000,266
4932,408.200,100.00,0.05000,266
4933,401.750,100.00,0.05000,266
4934,407.700,100.00,0.05000,266
4935,403.900,100.00,0.05000,266
4936,396.700,100.00,0.05000,266
4937,404.900,100.00,0.05000,266
4938,404.000,100.00,0.05000,266
4939,415.700,100.00,0.05000,266
4940,407.350,100.00,0.05000,266
4941,409.650,100.00,0.05000,266
4942,414.450,100.00,0.05000,266
4943,413.650,100.00,0.05000,266
4944,421.800,100.00,0.05000,266
4945,408.150,100.00,0.05000,266
4946,416.900,100.00,0.05000,266
4947,414.950,100.00,0.05000,266
4948,409.000,100.00,0.05000,266
4949,417.250,100.00,0.05000,266
4950,415.350,100.00,0.05000,266
4951,393.400,100.00,0.05000,266
4952,420.800,100.00,0.05000,266
4953,416.400,100.00,0.05000,266
4954,407.200,100.00,0.05000,266
4955,407.250,100.00,0.05000,266
4956,407.650,100.00,0.05000,266
4957,397.300,100.00,0.05000,266
4958,406.300,100.00,0.05000,266
4959,401.350,100.00,0.05000,266
4960,409.200,100.00,0.05000,266
4961,425.950,100.00,0.05000,266
4962,412.650,100.00,0.05000,266
4963,400.100,100.00,0.05000,266
4964,422.450,100.00,0.05000,266
4965,394.750,100.00,0.05000,266
4966,418.300,100.00,0.05000,266
4967,425.300,100.00,0.05000,266
4968,414.050,100.00,0.05000,266
4969,402.150,100.00,0.05000,266
4970,408.600,100.00,0.05000,266
4971,404.500,100.00,0.05000,266
4972,420.450,100.00,0.05000,266
4973,402.700,100.00,0.05000,266
4974,414.650,100.00,0.05000,266
4975,402.600,100.00,0.05000,266
4976,409.750,100.00,0.05000,266
4977,397.900,100.00,0.05000,266
4978,412.550,100.00,0.05000,266
4979,415.650,100.00,0.05000,266
4980,422.500,100.00,0.05000,266
4981,415.800,100.00,0.05000,266
4982,414.650,100.00,0.05000,266
4983,408.050,100.00,0.05000,266
4984,404.900,100.00,0.05000,266
4985,411.700,100.00,0.05000,266
4986,411.250,100.00,0.05000,266
4987,409.700,100.00,0.05000,266
4988,410.100,100.00,0.05000,266
4989,402.650,100.00,0.05000,266
4990,419.100,100.00,0.05000,266
4991,403.850,100.00,0.05000,266
4992,404.750,100.00,0.05000,266
4993,409.000,100.00,0.05000,266
4994,415.450,100.00,0.05000,266
4995,406.950,100.00,0.05000,266
4996,401.300,100.00,0.05000,266
4997,412.100,100.00,0.05000,266
4998,404.100,100.00,0.05000,266
4999,409.850,100.00,0.05000,266
5000,398.400,100.00,0.05000,266
